,total_raw_counts,total_norm_counts,size_factor,n_genes_detected,pct_zeros,median_raw_count,outlier_flag
beb63625-d9bf-4ccd-bc53-635b53d24240,21401276,34975321.81385388,0.6118964712863015,25132,41.96379087382228,2.0,0
b54865b6-824e-4163-b759-21a6eacc98ce,43636131,25355304.789930988,1.7209862536272342,33174,23.392758174764456,10.0,0
c59d90a6-9cda-426d-b8ea-41f0a87033d5,42214971,24190733.090587918,1.7450885362554356,34965,19.256881581378163,14.0,0
e8ec26bd-c88d-42b9-ac8a-ab121b8140f8,53701972,30402056.56293352,1.7663927402027781,33237,23.247275078514686,8.0,0
e394e9ec-7288-4ede-9ef8-41b631d100dd,15174741,31942905.34498442,0.4750582589815266,25016,42.23166451136154,1.0,0
e4c0d890-a634-48bd-9108-e674532b0d2e,42733745,39160730.40187163,1.0912397333109396,28838,33.40569000554222,3.0,0
41f8c9fd-ae52-4458-886b-faf37de77dd0,46322026,33209087.70589738,1.3948599374433879,31364,27.57251062257528,6.0,0
e7dbfca1-9657-4952-8e0d-dec6373dda5b,38824917,51325053.70278769,0.756451561158157,27320,36.91113984851284,2.0,0
269e8ca8-722d-449b-ace1-6545bd72bdd6,69279542,43590869.05267774,1.5893131636416464,31792,26.584149270275265,6.0,0
17633a60-e12b-4a7c-bd8a-c16341ddc606,23001388,36637550.39344138,0.627809112590605,26112,39.70072048771476,2.0,0
80809d79-92e1-4d6c-ba2e-0a9589997792,10055866,28483271.26095503,0.3530446312809799,23954,44.684093848143355,1.0,0
1136dd50-242a-4659-aad4-c53f9e759bb3,46664388,32536527.846428327,1.4342153600487075,31388,27.51708849067061,5.0,0
7f6898e2-a840-4ad1-80f7-783f8b766fcc,56043991,40917474.039710686,1.3696835475623184,30450,29.68317014594495,5.0,0
5d66191d-da49-4d7e-89a4-a382db338340,42967048,32403054.896738946,1.3260184305747116,31297,27.727230740809162,5.0,0
849442d3-eb82-416e-9d36-2fc15dfac67a,55360036,36438198.69417128,1.519285749129402,30615,29.302142989100314,5.0,0
3aae5316-6a5d-4b83-9020-ad691d4edf99,43917306,33830958.42034969,1.2981395754245988,30343,29.93026048401995,5.0,0
b95720b1-aa00-4c6a-b202-3350d035829f,39825091,35730034.95976293,1.1146110280845982,29519,31.83308701274709,4.0,0
0b8de222-119a-40f3-8beb-12b9d933225b,28329803,30823317.521634538,0.9191029804016272,29532,31.803066691298724,4.0,0
57a2044d-20cc-4d02-b268-ce570a0fabe3,38414459,37772310.37244443,1.0170005123124275,28340,34.555699242564195,3.0,0
69fb431f-0caf-4cdd-9085-eda5b18ed15d,6614852,26542545.30315133,0.24921694300412983,22532,47.96785516349529,1.0,0
80311cf5-7e18-4545-92ad-c4b7dd5c9677,13615241,29621977.673869696,0.45963308560624405,23489,45.75789765379641,1.0,0
b3fea9bb-53f9-4ddb-922d-b570562d7a7d,55538499,36946154.72980958,1.5032281276944204,31224,27.895806392019214,6.0,0
4aadf2a2-ce1e-4f94-b146-59292e83e7fd,55936263,32738907.452493932,1.7085561905560467,31480,27.304636985036023,6.0,0
6fa41234-9077-4d05-a295-6820f3bedf5b,25350241,35169290.335930355,0.7208061566741704,28562,34.04304452244597,3.0,0
2d3ce817-b269-4662-a92d-392bd3662399,23105931,33645032.00449371,0.6867561010764951,27713,36.00360243857381,3.0,0
ff1407c6-9174-4bae-a19b-d34ca71b898c,21593616,30866100.570312902,0.6995900227438772,27109,37.398392758174765,3.0,0
7a6c54f1-f4e4-426b-b306-2ca3c4de12ca,26863885,36563743.01934742,0.7347137568980612,26709,38.32209495658599,2.0,0
2d02bd7a-5beb-4e43-9ccb-18d89c9d5ca2,16604837,34334633.34405835,0.48361771723633357,25563,40.968501755034175,2.0,0
0f74d992-00da-4728-9564-086ca1b95921,48422870,39903443.31540566,1.2135010409316034,30418,29.75706632181784,5.0,0
6cd8d2dd-5545-43b0-b796-ae0506d62eb8,28496686,15012138.912878938,1.8982428929932595,38218,11.744873452798817,23.0,0
0c463362-7925-4d9a-9d63-098b50af2fb9,35848413,31888786.86950612,1.1241698577840948,30576,29.39220395344541,5.0,0
93cd5d07-e0d3-40f8-ae7f-beadb1efb7c1,19661841,30664097.447327465,0.6412007082149953,26670,38.41215592093109,2.0,0
d761bc06-dee8-478a-be99-8af9c504e49c,14787998,29228600.7191608,0.5059427285653717,26072,39.79309070755588,2.0,0
0ec6ed47-db99-4273-9823-ffbde6a77091,52932568,33796982.81682927,1.5661921150441314,32451,25.06234989839276,7.0,0
f38d49b7-6cad-4460-abd0-3685a3b2d941,23095233,30476808.630716857,0.7577969622686431,27928,35.50711250692777,3.0,0
e6c8c5fc-158a-4de4-b3f6-3b645584bbc7,20543642,32544371.476281278,0.6312502306265908,27865,35.65259560317753,3.0,0
49929108-023e-4d35-b26d-50ab4d3ae581,49167453,41887830.23094111,1.1737884900918472,29836,31.101053020506185,4.0,0
85e95dda-6198-464a-9187-fd0832bebb72,21001770,33412266.128259625,0.6285646690164783,25678,40.70293737299095,2.0,0
fafd4576-0709-49e1-926f-ad1ee09907ec,19675501,39351635.62047139,0.4999919492485967,26173,39.559855902457045,2.0,0
7a481097-14a3-4916-9632-d899c25fd284,23083034,31407317.435873657,0.7349571973833842,29622,31.5952336966562,3.0,0
4881a390-c4e4-48b4-ae66-140c64a87614,17126451,29990384.05132464,0.5710647443090529,27766,35.88121189728432,2.0,0
07dc5a1d-64b7-42ba-928e-9753bd533c1e,41215868,38563035.54807011,1.0687921065918953,30251,30.142711989654536,4.0,0
628408ce-0691-4e0b-b4c7-aca9a0d73bb0,28029903,29555615.8353768,0.9483782424336906,28666,33.802881950859046,3.0,0
d651f9ba-8746-46c4-852c-6c2992c7d10e,12351278,34055223.52172109,0.36268380362037894,24100,44.34694254572326,1.0,0
a56f6562-d2af-47b9-bf81-94b3b4893173,54128523,40195867.133109726,1.3466191143669546,30590,29.359874376501015,5.0,0
8632579e-d318-4dab-9994-d3945afc42ab,21642578,20209527.962800648,1.070909624402764,29305,32.3272676888971,10.0,0
a5e14add-1552-4606-9ffe-3a03bcf76640,29458878,34177952.26199508,0.8619263604261465,28165,34.95981895436911,3.0,0
56eb96a4-d2c2-42fb-b26c-1a80012bcb8e,16162809,39531169.702704504,0.40886240203750485,23559,45.59624976907445,1.0,0
84959e50-17f5-4f2b-8e0c-5ebb139d2c3a,57187043,28885527.950871162,1.9797818165991072,33701,22.17578052835766,9.0,1
ab9cc98a-86ae-4913-bcb2-cc3aeff8abb1,37946618,35658902.04088749,1.0641555355935903,28771,33.560410123776094,3.0,0
622cc1c4-d721-4b5c-a88b-216d6368660b,42331932,32371559.998701103,1.3076889714829485,30569,29.408368741917606,5.0,0
5f1399ef-8100-49e7-806f-9f532e55c0ba,20980369,27560142.04983319,0.7612576510695809,29265,32.419637908738224,4.0,0
7570761b-c333-40df-ac8c-9b7f94c58ef9,44999683,34320336.66407261,1.311166712624553,29372,32.17254757066322,4.0,0
8a84b03a-e37e-4827-98f0-4d480ec31037,55072889,40455097.19763921,1.361333745682208,29633,31.56983188619989,4.0,0
e3b6018c-ab2c-47c5-b183-a295d0110835,64787424,35546051.34897459,1.822633500524354,32103,25.86597081101053,7.0,0
d71ae66e-2c8a-4fd8-8b4b-a5a2d456a21d,67460065,30822460.03103935,2.1886658278432427,33329,23.034823572880104,10.0,1
ba49b428-246d-46d2-b549-39a5fc8f7003,20263857,29569825.210424762,0.6852883591904368,28278,34.698873083317935,3.0,0
8d0fa506-3f51-4108-8427-7dabf270bcd4,45174474,30892517.42208043,1.4623111927975003,31818,26.524108627378535,6.0,0
b823d6e5-54b0-43d3-95e2-9be33dc6f734,61091307,33721385.74486054,1.8116487697813815,31689,26.822002586366157,7.0,0
4f601d7b-8db1-4c6d-9374-21dcd804980d,41495208,34144860.834154196,1.2152695013620747,29721,31.36661740254942,4.0,0
10994156-7c2f-420e-aeb8-11d566b3d5e4,19142416,27774023.803746216,0.6892201193194784,28463,34.271660816552746,3.0,0
28d03569-8717-40da-8989-70baf2b18f9f,45558126,34783761.50397953,1.3097527130522615,30619,29.2929059671162,5.0,0
0e87e5fd-d5bb-4c0d-952d-711a6abbf336,18541381,24683930.989681307,0.7511518731660246,29247,32.46120450766673,3.0,0
dca004bf-9c14-45a1-b186-ab3759f6c7fe,47606692,38609045.55272874,1.233045036945632,29982,30.76390171808609,4.0,0
e3b0ee77-c419-4b2b-833f-90a221415489,33638970,33552624.984217055,1.0025734205840395,29628,31.58137816368003,4.0,0
98d45099-feae-4dad-aa38-ec03fed6d999,25190109,34773853.9631657,0.7243979636735891,28573,34.01764271198965,3.0,0
081a3dc7-45e1-457d-add0-c4686140a8d0,19022886,27711123.226748608,0.6864711272922295,28581,33.999168668021426,3.0,0
c8d6fe73-3504-42a5-9723-e1916fba8208,48278931,36179639.7551112,1.3344226566871633,30583,29.37603916497321,5.0,0
c293a148-a88c-4fb3-b2f4-e64e918044f9,65576265,40429599.69055511,1.6219865025109184,30629,29.26981341215592,5.0,0
d259eeb2-d15e-436d-9d37-2d0b7658bc91,60088469,34234682.90217926,1.7551928017471128,32786,24.288749307223352,8.0,0
3334201d-a3c0-45ec-a9ed-cf48cc8c38e8,24374428,32729604.217156295,0.7447211349785691,27553,36.373083317938296,2.0,0
c0b8c55c-b993-481d-aeea-9ebfa64ee20e,21594443,39958359.475035705,0.5404236631258923,26481,38.8486052096804,2.0,0
10881458-55b2-41d1-8358-4ee6ccb8ec85,52363333,32970682.648435406,1.5881786118397174,32304,25.401810456308887,7.0,0
6a4031c6-ee88-48be-81a5-a522720edd02,53777165,31344475.007910725,1.7156824284480026,32284,25.447995566229448,7.0,0
aec0c661-afac-4f7a-8c31-154d743f2499,51906610,34326106.0595824,1.5121613243838903,31652,26.907445039719196,6.0,0
27e2438d-bd01-4c50-9102-563276ed9922,52711941,32708406.474546213,1.6115716625027452,31571,27.094494734897467,6.0,0
f9b5e6a5-c2da-4a0d-9251-bb6f557b7b58,40946825,32072858.940924574,1.2766814793598693,30335,29.948734527988176,5.0,0
95d4f0c4-5997-4ffb-b876-0ddfeee972bb,39426106,30527407.657249898,1.2914986572938423,31208,27.932754479955662,5.0,0
a117ace8-ac5a-48d8-8aee-3024d6f0f873,46325704,35339342.81252737,1.310881875923796,30237,30.175041566598924,5.0,0
19089ae0-b590-4649-9d94-a147fa506e32,42371744,32774064.815532055,1.2928437237946597,31849,26.452521707001665,6.0,0
764c97c9-01d3-45cb-86bd-f8a52b5468da,22434872,33789242.671645686,0.6639649257018203,25266,41.65435063735451,2.0,0
96ac1f4b-79b0-4517-8caf-fc05abcaaf4f,44591536,33939392.00713162,1.313857831944369,29965,30.803159061518564,4.0,0
92554413-9ebc-4354-8e1b-9682f3a031d9,45105320,33505321.248596817,1.3462136257502375,31160,28.04359874376501,6.0,0
fb4cc403-694c-421f-b360-3108b6d57ad5,40497398,31612198.831692565,1.2810686854025368,30137,30.405967116201737,5.0,0
af06cde0-c69a-4bb1-a234-8023b95e4835,22411852,29654117.257870972,0.7557753887970249,28336,34.56493626454831,3.0,0
835c3e23-ac2b-4bc9-ac65-e3e81adecf77,20154035,31401470.448990796,0.6418181923276056,27034,37.57158692037687,2.0,0
76e96b5a-b565-42c7-a651-34d5132e6dde,51809861,30154040.981662232,1.718173064482716,32598,24.72288934047663,7.0,0
cac80259-3a26-4a99-b0d3-13454068e6ed,21979009,34202592.93659567,0.6426123610202421,26247,39.388970995750974,2.0,0
9fd08502-355b-4f5a-a25c-73ec7184f6d3,45835552,32394111.510075927,1.4149346860692018,31193,27.967393312396084,5.0,0
b612d491-7442-4119-a53c-5ebcc35c31f4,20586036,28383085.53797,0.7252923919233746,29316,32.301865878440786,3.0,0
d4e1472a-7b5f-46f4-acb7-b961f634e28e,19122618,39653126.506562464,0.48224742119225494,24053,44.45547755403658,1.0,0
8c0894fb-5e78-40ae-be0b-329ca30f758a,56175071,42536886.701729596,1.3206201806423195,29409,32.08710511731018,4.0,0
15d1b0fb-5c5f-4689-94f5-b33120a2bfae,45531667,33890382.18764811,1.3434981862374729,31363,27.57481987807131,5.0,0
124b6856-f581-46da-9068-b0a49b999785,6843987,26520555.75907376,0.25806348336642204,23050,46.771660816552746,1.0,0
0cbe9848-8eac-4ea8-a36b-fb74b4a33de7,19496633,31252834.168332063,0.6238356782296433,28183,34.91825235544061,3.0,0
849031de-ac8a-4012-9362-d192512997f1,43123913,31618511.6169744,1.363881814628141,31484,27.295399963051914,6.0,0
73f9681a-f9ef-4880-bd16-93624fd117c6,46830378,34947085.21564791,1.3400367358543315,29784,31.221134306299646,4.0,0
131e0571-de86-415f-b3fb-dc9f971258d3,47796852,34160523.98830269,1.3991838069101836,31420,27.44319231479771,5.0,0
8368d745-c74d-4236-ba75-16ca7aaeb3ca,18223999,29887088.168722633,0.6097616100009279,28262,34.735821171254386,3.0,0
99c532b0-6b42-4925-a344-fc7262c415ee,58774847,30754550.689396575,1.9110943155564988,33989,21.51071494550157,10.0,0
f4a804d3-b5c4-4da5-800f-6e5757ecfa1c,63948340,39311248.27495977,1.626718631591595,30236,30.177350822094954,5.0,0
93ca8937-97c0-4f6e-bdec-66d32f2a7b3d,12313813,37260756.10223872,0.3304767344552129,22507,48.025586550895994,1.0,0
e2edbf3f-25d8-49aa-b656-2a59c3b99aeb,23193008,31146869.627754822,0.7446336751393091,26666,38.421392942915205,2.0,0
e6ec5a68-7555-4f26-bd7e-9cdb4c5f7004,22342708,32737969.130645107,0.6824708005202927,28415,34.382505080362094,3.0,0
39d3b5b3-d51e-4d77-a8aa-2977fa734fab,23209928,31947685.223776206,0.7264979555616329,25848,40.31036393866617,2.0,0
043a4745-566b-4106-b159-99cb8b394b81,21272267,27996272.15483248,0.7598249824960414,28031,35.26925919083688,3.0,0
a8b4284d-cbbb-43e3-897b-d04af4bfba74,51373879,34223553.126231216,1.5011263970900681,32628,24.653611675595787,7.0,0
9cdca5d8-ea77-4df9-b2ba-0d5e8ec37bcd,42620879,33034915.00085085,1.2901767417564796,30209,30.23970072048772,4.0,0
b76d1de7-6447-474d-bf67-77e0bb2da73a,38338546,29711362.086903002,1.2903664896904854,31402,27.484758913726214,6.0,0
b89267a4-0e6b-401e-85b0-e66775858aa6,48143382,30796220.411017492,1.5632886554733345,32147,25.764363569185296,7.0,0
1ad0b9b9-7ded-4281-b114-9dcc6138c037,19634531,25588426.037511926,0.767320778980947,29274,32.39885460927397,3.0,0
92c043b6-8d53-4c1c-808a-c4be5e2926e6,66017054,34324455.010441035,1.9233241716414287,32202,25.63735451690375,8.0,0
c21d2c68-920f-4526-b754-286579c049f3,36834124,37733892.972386,0.9761548861909248,27543,36.39617587289858,3.0,0
565e2726-4942-4726-89d3-c5e3797f7204,57323769,42568752.315391794,1.3466161417015072,30340,29.937188250508033,5.0,0
c4d74653-d26b-4e51-aee0-82ee3d42f883,19714024,26400473.94726004,0.746729927628667,30770,28.944208387215966,4.0,0
7ea546ce-f48a-4d9c-96b4-a0124c692870,19987037,30203016.443661395,0.6617563195147222,28169,34.950581932385,3.0,0
31d960d7-8f5b-4d22-bf5e-fae0849c4efd,36739390,37835304.48744561,0.97103460637381,29348,32.22796970256789,4.0,0
e5921d6b-51cf-44be-b295-610cf7c3a69a,57564947,39925536.40752887,1.441807729579929,30980,28.459264733050066,5.0,0
93edb105-5dc9-4a4a-9fca-c91f0161fcc7,50735174,34899369.64494131,1.4537561714199647,31126,28.122113430629962,5.0,0
6fbc2b46-6762-4778-aa7e-782162c5397c,22128283,37885349.20597251,0.5840854964723816,26940,37.78865693700351,2.0,0
5e7074a6-5011-4dc5-950c-41365dbc6d09,29717157,29197241.585020237,1.017807004592054,30233,30.18427858858304,4.0,0
f87c6dcc-1a9e-4df5-962c-1f946e2611f8,16881150,36155787.11039124,0.466900359504228,24655,43.06530574542767,1.0,0
a435fdf4-a89a-499e-9006-cbb5693eab26,53727158,46179234.75224036,1.1634484262949694,28093,35.12608535008313,3.0,0
94067eb7-98b7-4975-bab1-c09e1b454a25,55415204,31224905.961889822,1.7747116378071588,31694,26.810456308886017,6.0,0
40c217ee-429f-41f4-adc6-db9186622b17,41714183,30680797.29691287,1.3596186108304726,30914,28.611675595787915,5.0,0
c777a777-373a-4773-9566-6c373261f00a,22802654,36138882.86986058,0.6309728522078129,26007,39.94319231479771,2.0,0
55697871-b9aa-4acd-8dbe-dcd5391db8f0,36616823,35337337.5740139,1.0362077483428465,27926,35.51173101791982,3.0,0
26a12266-c6d8-42f9-bd4e-5093d827ac9a,45640500,36248217.79650468,1.259110179049989,29160,32.66210973582117,3.0,0
b079a153-62f9-4026-a2f8-a1390168bbb9,24789122,31933148.621763278,0.7762817971261864,29352,32.21873268058378,3.0,0
cc1d6ad3-b60d-482e-8fa4-0af26823007d,47578393,37693521.142103754,1.262243259806652,30208,30.24200997598374,4.0,0
3758f4f7-ac2f-4f9d-bee2-526196f8129a,49624800,36151447.73593235,1.3726919143732093,30481,29.61158322556808,5.0,0
a19cd9f8-482b-4b70-b7d7-06d6bb1b0260,33721108,37004984.96448217,0.9112585245573245,28506,34.172362830223534,3.0,0
bce3ce45-4fb3-4d8e-9ec7-d24427c2ba4d,27409277,27961517.800142303,0.9802499705456085,30833,28.798725290966193,5.0,0
750770db-53cf-4021-a8c2-5e0ddb97fef5,21442724,33849269.75937733,0.6334767087275104,26376,39.09107703676335,2.0,0
38d65618-4857-490e-86b3-0a3f772a9f60,37628762,37323736.41678484,1.0081724289285783,27599,36.266857565121,3.0,0
755d3bde-76c3-45c1-8427-8e4d5d686dc1,56685606,38495001.543950625,1.4725445831007629,29709,31.394328468501755,4.0,0
d655bbf6-c710-411d-aff5-ceb0fb6e6680,18814909,30658036.939959284,0.6137023396784057,25111,42.012285239238864,2.0,0
25c3201a-3dd5-4edf-ad09-104e5c10663e,39987267,38013863.49387394,1.0519127319548587,28584,33.99224090153334,3.0,0
0687bea4-911a-4ef2-9fa2-531ef6ba7910,28135244,30021166.24111633,0.9371802472305885,29601,31.64372806207279,4.0,0
b4c3cf95-a27c-4bcf-9321-38723473e83b,24769084,30367340.488132976,0.8156487727227651,29494,31.89081840014779,4.0,0
7144a65f-a63f-4b79-8fe2-cfe48696de03,40038957,36985100.00680558,1.0825699266091613,29828,31.11952706447441,4.0,0
80e677b1-5ebe-4069-a1a5-1538ffee6642,22813567,29413111.274886604,0.7756257672570189,28264,34.73120266026233,3.0,0
4a785dc7-f5f6-4607-a19d-e6354b2fb5a9,34740155,36033279.48715211,0.9641130503368927,28543,34.086920376870495,3.0,0
cee553c8-460d-436b-b55d-8f41624816cc,38222125,37902025.472145185,1.008445446486496,28152,34.989839275817474,3.0,0
b107565b-7558-4745-952b-689178367e1c,21184704,32597987.57682229,0.6498776634623505,27069,37.49076297801589,2.0,0
bc42fe2d-1a33-428d-a601-b1871f4c8d9b,25106894,31126565.825236212,0.8066066183132964,28309,34.62728616294107,3.0,0
912b61a1-6a5b-451c-b753-9c3dac03e8cb,20361525,31928341.05735372,0.6377257422621506,26460,38.89709957509699,2.0,0
39aec099-a33e-47a4-a602-cbf65ddd3830,62362413,38037361.32673976,1.6395041828561343,31574,27.087566968409384,6.0,0
21ddbfaa-1b21-4a2b-be2c-237dd69b20ff,43571392,33729065.17132566,1.2918055030188524,29939,30.863199704415294,4.0,0
eb4e4e09-98b3-4e85-8dd2-75676ff2af14,41694392,19900984.030102886,2.095091978212318,36447,15.834564936264547,20.0,1
9c45eaec-d854-4f51-80a3-2d80d6b4aebc,60692482,33116580.962886572,1.832691667899457,33054,23.669868834287826,8.0,0
326c1637-ea91-4006-b440-d38420af1ae5,43959940,31739758.330474988,1.3850118057701715,31256,27.82191021614631,5.0,0
dde411b2-5d2b-4638-8149-89bc1eb3c7ad,52147514,37950473.9487094,1.3740938801048468,31204,27.94199150193977,5.0,0
5116e3b4-2bac-40f5-8046-b9c1783faaa5,15042434,27059191.885093678,0.5559084714679359,26531,38.733142434879,2.0,0
fbb69964-f962-4b89-b59b-dd05f8faf61a,41102260,35217120.43209436,1.167110186627932,29464,31.960096065028637,4.0,0
c594196e-49ef-4195-a6b6-4ef4a1d9ec15,22834587,28693393.25836898,0.7958134053503712,27994,35.35470164418991,3.0,0
7ad0617e-bc4a-4869-8419-744f04d9b7a3,44573639,34489463.946250536,1.2923842211483763,31634,26.9490116386477,6.0,0
47a8e514-904c-4867-8f43-7eb573be835b,56946521,34350903.28980262,1.6577881670117567,32088,25.90060964345095,6.0,0
639e1050-088a-48fe-a0ef-4a01a3468cac,50073385,31860058.34456274,1.5716664564283687,31630,26.95824866063181,6.0,0
d5a296ae-c165-413c-adcc-33c9e99ff873,51205720,32504671.78639247,1.5753341653933086,31781,26.60955108073157,6.0,0
be85f845-b281-467c-8b97-bed7b7fdff64,29458921,28291274.560412604,1.0412723165615614,30138,30.403657860705707,4.0,0
2c30dc20-18a8-44f9-ab10-558c1e5634dc,36159747,26990302.77495862,1.3397310619852962,32755,24.36033622760022,8.0,0
5d73b382-3da3-4220-890e-2095228bbe6c,61367399,33983443.009484366,1.8058028723832693,32291,25.431830777757252,7.0,0
ac13d568-f79e-4ba7-b7bf-18e4354e0920,46220838,33960240.0065521,1.361028013673708,30505,29.556161093663402,5.0,0
57cdaa1c-4e94-4a28-ab3b-300c0457555f,40476153,20693033.19804742,1.9560280318797973,36567,15.55745427674118,19.0,1
fb9e7684-a7f7-4f17-bc5d-1f359e1b0d42,44670752,28795485.48248822,1.5513109520992872,32858,24.12248291150933,7.0,0
eb191e71-4b6e-4c8d-8348-519be5a1e657,77217067,37012294.46798015,2.0862545300130355,32123,25.81978570108997,7.0,1
a06c09a8-0951-49f4-a765-5147bbcae109,13908777,23792939.211612273,0.5845758221082559,28504,34.17698134121559,3.0,0
7b47489f-c3cc-4388-b5d7-c7c02790a5f6,14633669,27430896.441395696,0.5334739617884479,26031,39.887770182893036,2.0,0
f3b9defb-88ed-4c95-9feb-7197d869676c,16457600,26359795.082676955,0.6243447624832088,27149,37.306022538333636,2.0,0
613aa3e8-a70b-45a9-9c08-0c2346c8bf00,44915484,35673476.78446503,1.259072230928712,31094,28.196009606502866,5.0,0
23d0681a-912a-408f-b19a-0bbcf5ffc2f3,20645623,30362028.19876808,0.6799816818837447,26532,38.73083317938297,2.0,0
ca5b878f-8bff-410a-8e6e-b1c133018c8d,36817920,33289120.700818226,1.1060045812232897,28450,34.30168113800111,3.0,0
cc22913d-2dda-48bb-82aa-9960b73f3e44,49773202,28082182.80937528,1.772412149648963,33428,22.806207278773325,8.0,0
58facedb-fcb8-4ecf-8338-2bfa4947acef,35533109,33027442.242405936,1.0758662066291311,29508,31.858488823203402,4.0,0
a512701f-88bb-4b05-8c94-fd285b9dd13e,17900460,31586198.998858728,0.5667177617872533,25933,40.114077221503784,2.0,0
aa85d9e8-caa6-422c-95ce-780e4ac2a5e4,24131763,30845265.638112366,0.7823490088599797,28331,34.57648254202845,3.0,0
d976782c-90c1-421d-b83c-7fc2617e2709,54084737,24802882.65950415,2.180582706553886,31255,27.82421947164234,13.0,1
2a971e32-b0e7-4a3f-8c40-62d69c0307d8,12678902,32531111.26183466,0.38974696861569635,23630,45.43229262885646,1.0,0
e83e5700-f968-4978-bb78-56a83936ce8c,39713098,33563773.988477044,1.1832131277499995,30090,30.514502124515058,5.0,0
568dbda7-88b5-4330-881f-dc5d6c7ce4ae,69655238,38470450.9041761,1.810616625562834,31451,27.37160539442084,6.0,0
aa909ffb-03e1-4e3f-8888-2212b23d90b7,3755244,24410462.22338123,0.1538374802425122,21174,51.103824127101426,0.0,1
5f6ed48b-3b5a-4d20-8fbf-c9aa3feea186,43799457,34823077.05230852,1.2577710158757038,29135,32.71984112322187,4.0,0
35c295c2-37d1-44b2-87a3-1039645e5bae,24326395,33435979.487506654,0.7275514392838276,29406,32.09403288379826,3.0,0
96e013d9-8e89-46a7-8d07-bae95af36708,34281700,34910326.13018082,0.9819931178002558,27807,35.786532421947165,3.0,0
d5a1f43e-25a7-47f5-b63e-43714f9f732a,42637954,33363512.036648985,1.2779815851869332,30397,29.805560687234433,5.0,0
654c6f5c-3e5c-49f0-b53f-87cd9797d7c9,9961112,22333941.161782462,0.44600780166132614,24585,43.22695363014964,1.0,0
3a8ca50f-bc9f-4250-8c8d-22893763ea46,45041390,30138368.233653285,1.494486683910963,31447,27.38084241640495,6.0,0
da21e143-dbf6-4ac7-8872-f1d9ae39512d,35220842,33412592.916297548,1.0541187895304123,28976,33.08701274709034,4.0,0
65056295-8fcd-4f82-a3c9-a5acd79521fe,76034784,34377956.508038476,2.2117307636427155,34068,21.328283761315355,10.0,1
f83b909c-da90-41ed-b532-a2ef9371cff9,52063063,41465476.55549023,1.2555761400771022,29371,32.17485682615925,4.0,0
c6f6c032-5d4e-4028-aed0-24a587620354,44159572,32487482.668398052,1.3592795862560283,30748,28.99501200812858,5.0,0
32b77693-18e1-4692-8488-add1940c9e7c,48791339,31885653.611318976,1.5301972352443713,32001,26.101514871605396,6.0,0
384400c1-98d6-4cc3-8724-de6711f6208b,21696439,30373724.99031244,0.7143160414772959,26774,38.17199334934417,2.0,0
2c0a725a-e829-4d84-89d9-d0d47f6cfa37,46507398,33804849.46467821,1.3757611329875714,29985,30.756973951598006,4.0,0
75c3004d-1ef4-49f9-86e0-1bb7b9553a3d,47578495,31784536.858014327,1.4969069775198975,31840,26.473305006465914,6.0,0
26a41625-4680-47b2-afa9-6a72b148e1c0,55857992,37301135.37980898,1.497487715353453,31549,27.145298355810088,5.0,0
7a70f061-9a6f-408e-a416-7f5295ceba3b,41615922,38356524.396998964,1.0849763541989759,28481,34.23009421762424,3.0,0
c7c5348f-5708-45bf-b40e-1bf7c9348f60,35749695,35020032.633099474,1.0208355707301904,29015,32.99695178274524,3.0,0
c616f95f-4ea1-4019-8c17-041878085c88,27098588,29311076.26818643,0.9245169898251805,29823,31.13107334195455,4.0,0
c6ed47f4-358b-4f06-b5cd-cdf1d5c47b43,81815699,36460681.82311775,2.2439431987836578,32883,24.064751524108626,9.0,1
ad440651-a2de-4bb1-90da-1e5e8975ab59,17469966,30216928.59841734,0.5781516126994792,27464,36.578607057084795,2.0,0
e3ca9046-9634-4332-b19f-88b18110f941,46809369,31971240.89271488,1.4641086080167194,32208,25.623498983927583,6.0,0
265d7b06-65fe-42c5-ad21-e6b160e94718,19142486,27745473.646578655,0.6899318513656189,27709,36.01283946055791,3.0,0
6baf61b6-ae5b-42f0-adc9-0d26fda231f7,22101986,27803089.864965938,0.7949471122578439,30376,29.854055052651024,4.0,0
c113808a-773f-4179-82d6-9083518404b5,50046799,32861702.29069576,1.5229521148139034,31795,26.57722150378718,6.0,0
cab7bdbc-0a11-4901-97c3-26b884f79cb5,20331595,26367146.07898998,0.7710957772635371,28447,34.30860890448919,3.0,0
ac6a3df9-41b1-4e5a-a15e-f44481384c23,21245966,29595041.59256506,0.7178893779739599,28250,34.763532237206725,3.0,0
0cb0dac8-4ce2-444a-b1ae-1550e065b4d9,22508505,31479479.288963713,0.715021515870219,29007,33.01542582671347,3.0,0
39b6ae01-c97b-4234-8a28-208fdf170432,62694547,29302915.078363772,2.1395327677242397,34125,21.19665619804175,10.0,1
960d278c-c87d-42dc-ad28-42e010d8f0f1,45348272,33449987.002620563,1.3557037255783475,30356,29.90024016257159,5.0,0
9743d31a-ea8f-4847-87d2-ebf77cc5983d,30698768,40071906.50389611,0.7660920250204523,26267,39.34278588583041,2.0,0
35c9264f-34ec-4d75-ab80-aaac86108fc8,44371589,39551063.86031082,1.1218810486796167,28346,34.54184370958803,3.0,0
e75985cb-357e-4072-b047-eea37965d70c,51690311,35375048.21800434,1.4612082132425734,30834,28.796416035470163,5.0,0
401a37f3-6630-4400-a811-a262351e37de,66777816,50027376.26377871,1.3348254693170687,30556,29.43838906336597,5.0,0
143f2dd6-a280-41c5-9242-442ef91b73ec,36820499,35053944.52522014,1.0503953121027187,29184,32.6066876039165,3.0,0
acd51808-870c-4684-a2de-aa0b058729e1,59707661,34591199.64165392,1.726093966631369,33260,23.194162202106043,8.0,0
eecaa5cd-0b69-4af2-a782-035025f207b6,48742652,29552089.841991123,1.6493808817114735,33317,23.062534638832442,9.0,0
bce5579c-08c6-48e9-853e-fac85ba8cbea,25040553,30113863.753439464,0.8315290659817769,28764,33.57657491224829,3.0,0
a6f98ee5-9638-4ebe-804b-fba54aea9f90,44312266,35265176.04181352,1.256544585158442,28841,33.39876223905413,3.0,0
ebc5a6f8-34fd-48c1-a2b9-7f60f45fbf27,45260390,36815455.23860674,1.2293855856639637,28645,33.85137631627563,3.0,0
1c111912-c664-42f5-9802-065b1994a2f4,31981761,32094926.23833992,0.9964740458507507,29401,32.1055791612784,4.0,0
31a3877d-3e82-450e-811f-3448b06f3950,43093770,34055965.0387386,1.2653809677975918,29508,31.858488823203402,4.0,0
e588714a-7753-4c3c-abb6-eaf1aab53ab3,54201198,39079991.10526628,1.3869296401322886,30716,29.06890818400148,5.0,0
04d7a52f-a89b-4114-a608-a6254b4d604f,23069257,29284918.578389797,0.7877521304438074,28894,33.27637169776464,3.0,0
4138aca8-e085-45fb-b353-74852efe61bf,45412892,31655695.422589563,1.4345883542837374,31165,28.032052466284867,5.0,0
b6202d8d-dd3c-4fa2-9242-6e55759846af,43029197,33983633.486647055,1.2661741133980613,30089,30.516811380011085,4.0,0
d9fb85c3-ade1-47bf-8159-170f81eb130f,37701176,31481823.04297869,1.197553774078798,29762,31.271937927212267,5.0,0
4f786107-3cf5-4ab3-bba4-f399dee23f0e,21474833,30812771.691979952,0.696945838390434,28062,35.197672270460004,3.0,0
268c01b3-d2ce-44c0-a2fe-ea846a1253cc,45296386,31763624.142735593,1.4260459006961075,31130,28.112876408645853,5.0,0
20ccd267-74e5-4574-a8e1-028bcd74aaeb,26991146,29710993.274708666,0.9084565349410945,30153,30.36901902826529,4.0,0
c5c4a0a5-900d-483d-9282-475654d63265,51926821,42047096.24823651,1.2349680627988158,30081,30.535285423979307,4.0,0
57b0f89f-1b75-453e-922c-01cd4d44ca49,49275445,32403807.28177006,1.520668376142383,31787,26.595695547755405,6.0,0
6fc5e56a-1f5e-4ff1-948e-5ef636ebb48d,18696717,31229725.672751896,0.5986833568734479,27116,37.38222796970257,2.0,0
ce00896a-f7d2-4123-bb95-24cb6e53fc32,31250197,28100534.80925002,1.1120854891955005,30385,29.833271753186775,5.0,0
3e1886a8-2ed2-41ee-8b58-10f5321ade6f,42132512,35580171.54329504,1.1841570788587086,30482,29.609273970072046,4.0,0
4c6c8d3d-e4a3-490a-9211-cfbe7e6ee25b,27995421,18820346.97503499,1.4875082291062784,33317,23.062534638832442,18.0,0
b728e6e8-a0e4-496b-904c-6f07c12e901f,26553284,22003667.596915822,1.2067662758058517,34965,19.256881581378163,9.0,0
6454ff0c-26f8-4cc2-b77c-7e5abdc20acd,44134703,31917662.233169775,1.3827674056320427,30805,28.86338444485498,5.0,0
7dfbc0ed-e684-4966-8b59-fb6b9e80c129,10105420,29693202.248293325,0.340327726039748,23490,45.75558839830039,1.0,0
8e87ddca-f43e-4c6f-9d5b-430b666a7f6c,19408634,27392299.927400548,0.7085434246645905,28295,34.65961573988546,3.0,0
227f945f-76fd-4a63-9609-d4e730a3d22a,37504935,32616509.04157881,1.1498758175557517,29656,31.516719009791245,4.0,0
af17788e-a562-43aa-bd36-fd3e031f483c,21774366,33301881.098715726,0.6538479293543487,25658,40.74912248291151,2.0,0
56c8b812-ca8e-4eb2-b0fe-f264316789bf,52345321,34080964.41427657,1.535910790660386,31539,27.16839091077037,6.0,0
e17959bd-045d-4540-b43a-c3863e8ff3c0,37391099,34304194.846826546,1.0899862004328318,29024,32.976168483280986,3.0,0
93690a96-421c-4c59-85ba-fa6dd538c721,39087546,34462296.620010026,1.1342118730794162,29009,33.010807315721415,3.0,0
e457344d-76fb-46bf-b362-61a6e811d131,17813929,29875052.695513368,0.5962810904991406,26730,38.273600591169405,2.0,0
27d9c162-11bb-48fb-a41a-aa05fcb4c1c2,40109570,34237783.187522374,1.17150020433033,30155,30.364400517273232,4.0,0
36eaf209-c332-4321-b6aa-51a3368ecd79,25441912,30312959.359792367,0.83930808925725,27963,35.42628856456678,3.0,0
4beee9d4-ee52-4fed-bcc4-d300f5ddd4d0,23551061,33993869.47638448,0.6928031837140783,27124,37.36375392573434,2.0,0
03efbc94-a43d-4db0-9377-e397348430a6,8213912,29755562.41178881,0.27604626947819827,21222,50.99297986329208,0.0,0
a85e8208-a6f5-4e91-8f35-ef574f4273fc,29808111,31499512.692907955,0.9463038774790706,29670,31.48438943284685,3.0,0
14efca0c-882d-4fba-b15c-64af6e213b80,10203884,28248425.11392166,0.36121957096189494,22848,47.238130426750416,1.0,0
e7af286b-3dec-4cf2-8fbd-fa64b3efdf7f,50750597,30162272.285255916,1.682585334421511,32777,24.309532606687604,8.0,0
132229e5-947d-43e9-a54c-a97d4be7d604,19157139,36027520.23022479,0.5317362637667297,25441,41.2502309255496,1.0,0
95a54459-3fac-42d5-8ec1-ed66d971d64d,46775286,33830968.31436029,1.3826174162489229,30481,29.61158322556808,5.0,0
1fd75c4d-e74c-410c-a150-814722c6c1cc,15594571,40377298.6624763,0.38622125591805506,22263,48.58904489192684,1.0,0
c085da47-d634-491a-80ea-514e5a231f70,35939338,32831452.427991778,1.0946618362018754,28971,33.09855902457048,3.0,0
8c043ecd-2265-411f-bc3b-dc341cf56ac2,50047168,31253065.533242717,1.6013522880424866,31990,26.1269166820617,7.0,0
eed7405f-f8f3-41a4-a0e7-242f23087f59,43301412,34240380.89732534,1.264629973885088,30728,29.04119711804914,5.0,0
f4e047a5-bdb2-4bc2-aff0-e0f45bcc9062,38434156,30311077.541394617,1.2679904219014326,29929,30.886292259375576,4.0,0
d9d7f0d4-fa64-48f2-8037-52cbf0b34ad8,58615231,50414293.871328935,1.1626708716698897,29753,31.292721226676516,4.0,0
0f940ec0-eb0b-422a-a764-a26c8e5c216d,5526984,27970290.96413177,0.1976019486921903,22189,48.759929798632925,1.0,1
ffa7e03a-4a3c-41f0-937a-4fb862fd2194,51741868,36053583.23664617,1.4351380183317726,31873,26.397099575096988,6.0,0
f89bbd17-c732-4847-b71c-a8627a702747,41865544,35427782.49906224,1.1817150565691816,29303,32.331886199889155,4.0,0
264c0d45-078a-4207-a101-71f99bcd237e,56135884,32569643.039181873,1.7235646068477788,32381,25.223997783114722,7.0,0
88832340-46ad-449c-8f81-6a8e5b495510,23432894,18081895.855528083,1.2959312556175344,35906,17.08387215961574,13.0,0
2dced66c-1f0d-4039-a5e5-54cca77c16e9,18731900,30259336.802702457,0.6190452924377066,25514,41.08165527433955,2.0,0
a9cb21d1-4c4a-4f30-ad4d-c54bed26f187,19705596,28524646.97032732,0.6908269897432452,28898,33.26713467578053,3.0,0
33e989b9-fac4-47d8-b429-269044ac772a,10184890,26142214.61425532,0.3895955316060404,23515,45.69785701089968,1.0,0
de287a25-981d-49f8-81af-fe0300e4cd31,18212482,30291654.020830013,0.60123762101192,27679,36.08211712543876,3.0,0
01f493d4-229d-47a6-baa8-32a342c65d01,22379053,27882405.74938286,0.8026227435735286,28876,33.31793829669314,3.0,0
64dcf1a5-c78c-4d3f-852c-15865b3b6189,37216187,39175619.508835174,0.9499833689064376,28367,34.493349344171435,3.0,0
3470b1af-689f-467a-9f9e-de74088f9b94,46107394,31752691.69875537,1.4520782816597342,31516,27.221503787179014,6.0,0
65ab030d-39f2-48ab-80ac-90cb1faa823a,31376870,39923698.5655682,0.7859209223431186,25663,40.73757620543137,2.0,0
c8d7eb0f-2502-4277-a8ef-435b08f3c863,36706755,39190946.64072558,0.9366131248755263,27696,36.04285978200628,3.0,0
81f6b141-2195-4091-9cd3-dfb022663949,14957322,26503707.55105239,0.5643482886757889,26738,38.255126547201186,2.0,0
abb0d53f-f74e-45dc-8fbb-40863016f3c6,16723778,30372649.383527737,0.550619664054396,26359,39.130334380195826,2.0,0
f2ef5afa-6191-43a1-a023-d53c0d985139,20791102,27784534.29791204,0.7482976600245703,28871,33.329484574173286,3.0,0
3d8fd9b2-9aa2-4c81-8843-535ae66d6140,20019217,35845165.247169286,0.5584914133317025,23928,44.744134491040086,1.0,0
cbe23011-93b7-4e9f-b934-bd0122f91f54,40124718,32436371.61978099,1.2370285576433078,30148,30.380565305745428,5.0,0
86d18004-9478-4e46-83b4-4fbe445ccb70,28390863,35330577.98896646,0.803577654712196,28130,35.0406428967301,3.0,0
567ddc8e-2b00-417d-a326-479cb02e08dd,22776823,30705076.603776213,0.7417933944251691,27753,35.91123221873268,2.0,0
fd16b634-2e04-44a3-862d-fb03cd73c057,21540064,29809004.402167592,0.7226025971680453,26360,39.128025124699796,2.0,0
aee20b98-df51-4ead-86cc-0d5f60a74b90,39806333,35107015.553677,1.1338569334991737,30782,28.916497321263623,5.0,0
df228c56-89ac-4122-93b3-6c0740c4ec09,20084819,28157601.05247589,0.7133000770402615,29206,32.55588398300388,3.0,0
f5c3bc61-1018-4351-bb23-aacc1459365f,17616216,28456832.2617393,0.619050491564562,26539,38.714668390910774,2.0,0
60ad2c8a-6bbf-43fc-ae73-cc1f6d6c163c,17792570,27969244.170415048,0.6361476874952666,28636,33.87215961573988,3.0,0
6e9e0c2f-2ddb-40f1-8e8c-618119e62ec1,20154843,35689650.98084253,0.5647251358893564,26892,37.89950120081286,2.0,0
05ff79c5-1127-4cac-8f4c-84089a3f2cde,15342059,31072085.88087871,0.49375697076845654,24663,43.046831701459446,1.0,0
df5ab6cc-6f68-4b6b-95e2-954c6b57ba9c,49039703,31566090.647054743,1.5535564270001114,31423,27.436264548309623,6.0,0
62d39be5-f029-4eb8-8b00-46470e06a755,21056430,29630141.08524594,0.7106422456585891,28587,33.98531313504526,3.0,0
ef4bb5bf-4535-4bd1-8a74-aba920123ee2,42408927,34519269.666586176,1.2285580607474678,29601,31.64372806207279,4.0,0
84e34cf2-b3bb-4a1a-8fb7-6c2c604c4008,22734290,36260211.20309902,0.6269762156834042,25776,40.4766303343802,2.0,0
c658f35d-ceeb-4189-8e3d-03e3b9706667,40223180,38255060.04845901,1.0514473104746902,27734,35.95510807315721,2.0,0
0a94eecf-4db2-4846-8383-c83ff02e4a9f,51378718,28146813.30066525,1.8253831242340202,33148,23.452798817661186,8.0,0
f1e6ce83-b4a0-4643-8e8e-a1ef8a158a27,50436617,35068598.78727144,1.4382273242781105,30326,29.969517827452428,5.0,0
74a0264d-1d31-430d-9a88-e7334c8aa96c,16677807,26048022.29906034,0.6402715265105419,27980,35.38703122113431,2.0,0
e76258b7-e13a-4b05-855b-d792701ffba1,35239944,32376948.561179016,1.0884269693733215,28985,33.066229447626085,3.0,0
ae6b315f-3f78-4695-adfa-48b0bbab2c89,40689588,32635801.432408605,1.2467776556451797,30050,30.60687234435618,5.0,0
5498d5ef-ad24-4034-9750-7c996c5355e1,15824635,25909722.845497306,0.61076048919412,27462,36.583225568076855,2.0,0
02f9668c-71e6-485f-88b1-b37dc8bdd2ab,21067789,29452327.693180166,0.7153183007969299,26940,37.78865693700351,2.0,0
c8de215d-53a4-4e6c-be58-5887a8094815,35773865,29320697.242040418,1.2200891644795862,30461,29.657768335488637,5.0,0
fac2c617-8149-45bb-b766-fbe13dc3c425,59558017,34510341.23436601,1.7258020312094473,31586,27.05985590245705,6.0,0
3a785e32-7960-4c72-84c4-fb42c4dd86f1,25265032,29647928.49070965,0.8521685421602708,28092,35.12839460557916,3.0,0
9c34830b-4d7f-4b41-9659-fbfc36c145c9,50479426,34726134.966897205,1.453643661988864,31414,27.45704784777388,6.0,0
315ef7f6-ca21-4d87-8f19-40bd455885ec,22568278,32406981.28652323,0.6964017351836854,28110,35.086828006650656,3.0,0
a782f174-241d-42c6-9bc4-61cc39f8b397,34507572,31107694.443671666,1.1092937813981898,29707,31.398946979493815,4.0,0
21bdad0d-c6a2-428c-b2b4-0de282b34abc,16879243,29240831.311246257,0.5772490809284245,27211,37.162848697579896,2.0,0
a54b322b-80d3-435c-8d14-25841b741f6c,29552299,31277531.203445874,0.944841164341775,29648,31.53519305375947,4.0,0
bab21810-f51b-421e-a87f-1f1136cbc77a,30022035,31522896.528811365,0.9523882100288721,28869,33.334103085165346,3.0,0
2b94070a-21ec-457b-88af-3d2a89b97ac6,43990582,31423559.182352904,1.3999235969649353,32601,24.715961573988547,7.0,0
28033279-cc74-4775-afdf-2497f6ddb55c,10104851,30165033.341380414,0.33498557371518495,23974,44.6379087382228,1.0,0
79d33c28-a7e2-4fca-8be1-a16fb6d68d49,37702253,32379730.508937005,1.1643782208006315,29763,31.269628671716237,4.0,0
19d1a5fc-3ce9-4e43-a364-a4150bcf911b,61893584,43369067.44618879,1.4271366124437872,31138,28.094402364677627,5.0,0
fa96d094-0165-401c-8fd5-6d1ee4ef3994,19940365,29846521.99504649,0.6680967719893602,27547,36.38693885091446,2.0,0
7d8eab0a-e6c8-4449-9ebf-50c41db94a06,24686137,34520567.226130836,0.7151138866951606,26736,38.25974505819324,2.0,0
a9e4b6db-8b4b-4345-a4a1-d63175eb0174,50746601,31528351.26491176,1.6095545426276836,31877,26.38786255311288,7.0,0
192da41f-f0a5-494e-8eb9-96bcdae56ff8,26040474,28868702.22480062,0.9020313347383195,29859,31.04794014409754,4.0,0
cc53bf9e-5e27-4305-a08b-552120c10aa5,17556491,29265796.675095294,0.599897935289774,25207,41.790596711620175,2.0,0
6f2b5a14-569c-4084-8c67-b1a44d787897,19170816,30981277.00972391,0.6187871466364336,27764,35.88583040827637,2.0,0
0dc41cd5-0672-407c-9b4a-0f5f3970aa54,45444869,33246828.89487178,1.36689334022499,30586,29.369111398485124,5.0,0
fce1fd5a-54d2-4260-b187-4eb7035e96e9,42876126,30349955.726350497,1.4127244990599443,30441,29.703953445409198,5.0,0
fdffda5f-72b2-4153-b7f1-d7043b7ca898,26210698,34043370.55971932,0.7699207678047288,27631,36.192961389248104,2.0,0
286cbae3-8324-43b7-9b20-0f40dda1588e,36313962,34536487.12336224,1.0514665799763805,29533,31.800757435802694,4.0,0
64b0461f-038d-4712-948e-818dc2f10eef,35848724,32441254.596374996,1.1050350686500812,30214,30.228154443007575,4.0,0
14cc6f5b-5692-471e-98b4-ae200b3d8fed,55439547,40540412.857943535,1.3675131329881638,30634,29.25826713467578,5.0,0
56d5b0b9-9093-4286-a2c6-7faa9a1680f5,54781977,30850163.656368855,1.7757434809811956,32267,25.487252909661922,7.0,0
97f6c8d3-09a0-4128-8f10-41e736648a5f,22656075,31651186.40213541,0.7158049215643766,27751,35.91585072972474,3.0,0
5342e2e8-1465-4f7b-9450-ef27280f80c7,47891517,38210170.38761549,1.253370935386417,29407,32.09172362830224,4.0,0
ca22edd4-eb7c-4677-84aa-6f0354459a19,19113219,28550958.79334777,0.6694422817230673,27169,37.25983742841308,2.0,0
85bdc1ac-a1a4-46c2-bc2d-e5fabf5c89e9,47047979,34832203.92868495,1.3507034782044078,30509,29.546924071679292,4.0,0
955464c8-9c62-430c-87b8-107db5c980a8,42122230,37452743.24833692,1.1246767618783287,29766,31.26270090522815,4.0,0
515a062e-f68e-4100-a923-bd2ce0bbe071,42040063,33887585.10924355,1.2405741767811211,30594,29.350637354516905,5.0,0
4ad9784e-1edc-4186-9b45-4dfe0003f74b,43620902,35066183.9953123,1.2439591945856243,29032,32.95769443931277,4.0,0
15b987ba-77ab-477b-a54a-65ec5c7c399e,18317362,28804698.45036302,0.6359157701846779,28417,34.377886569370034,3.0,0
4be66108-e72a-406b-bb4b-f58ff2877336,18955208,31157680.373425312,0.6083639017032565,27495,36.50702013670792,3.0,0
85a57cfe-f1c9-44d9-8b50-022c0d3438d1,41814994,34755700.38669852,1.2031118215072187,28444,34.315536670977274,3.0,0
2c9996bb-af6e-4424-881a-e81b9c9aeb78,25396944,30560419.868152656,0.8310404146791985,28424,34.36172178089784,3.0,0
db246424-3979-4f23-b316-8d30c449ee15,22552173,30456242.498705924,0.7404778511649371,26058,39.82542028450028,2.0,0
41658cf8-0de1-4a97-bb60-0f0107c84e00,51777718,39117033.48882404,1.3236616732399502,28995,33.0431368926658,4.0,0
35620be9-3ba5-4be7-9e00-83103e6a92e6,19985321,31136374.581964344,0.6418640984482644,27087,37.44919637908738,2.0,0
857a5889-19e7-4208-8362-f1377c408037,19982936,28427678.85986341,0.7029394168446721,28768,33.56733789026418,3.0,0
81a7184e-f9f5-4e3f-9603-5f5642386c1e,47121036,34162172.77293217,1.3793336949965775,30674,29.165896914834654,5.0,0
0c53b010-4243-4da3-a059-7f54c9a850ec,62157148,41016434.041135974,1.515420573559898,31687,26.82662109735821,6.0,0
1a09207e-9184-4f32-bd07-a9f4dc6c825d,19958244,32117614.895737756,0.621411149762824,26802,38.10733419545539,2.0,0
e831369c-78c0-4c75-9cf3-f46ed669312e,18370918,33558564.186664596,0.5474286056404101,24878,42.55034176981341,1.0,0
5eed7e8a-c219-4497-a99f-bfc48faca4d8,43380946,29646327.512556016,1.4632822895728657,31472,27.32311102900425,6.0,0
c83d38fc-e011-4f75-a100-96513611f3e9,48459607,32123907.98786309,1.5085215353719974,31352,27.600221688527622,6.0,0
64bd568d-0509-48fe-8d0a-aef2a85d5c57,26705903,33794774.57387042,0.7902376428528858,27371,36.79336781821541,2.0,0
fa83dfb5-7386-4a35-9861-aa866478d5f1,40224741,34426087.1702747,1.1684377838539888,28958,33.128579346018846,3.0,0
127f738d-afa1-42f6-a9a0-f33806667b84,23226077,29959175.721211296,0.775257544337436,28281,34.69194531682985,3.0,0
77a44132-af22-4115-9fa2-78f2f74bf687,57012435,39229214.329937354,1.4533157488318997,31345,27.616386476999814,6.0,0
0712566e-3371-4715-95f1-5b792e72d758,7106725,26541819.378961932,0.26775575926166784,22571,47.877794199150195,1.0,0
a94e1279-a975-480a-93e9-7b1ff05cbcbf,43523358,28139673.66078428,1.5466902183963338,33169,23.404304452244595,8.0,0
51dcbfac-6f04-4364-877d-0bf1bd566335,55490541,28882114.779610388,1.921276936381892,34010,21.46222058008498,10.0,0
ea923671-3903-4a79-830d-e7e4b1eabab0,56577349,31029894.96541163,1.8233174512213333,32402,25.175503417698135,8.0,0
3eb37b12-b8b4-40a3-bd8b-f89fc39c05fa,52970275,33471773.481619086,1.5825356558739994,32289,25.43644928874931,7.0,0
9d8c4693-8e36-473b-bb34-a7cdc04dd223,48139678,33583593.76558003,1.4334284274644415,30695,29.11740254941807,5.0,0
4563e4e0-a661-46de-ad25-9c86a621e147,12758888,34162756.26419106,0.37347361264798457,23909,44.78801034546463,1.0,0
dc22eba5-6fb7-4875-b30a-99fa00758301,52794531,34597141.32581731,1.5259795745206068,31680,26.842785885830406,6.0,0
01240896-3f3f-4bf9-9799-55c87bfacf36,55827344,33274085.280655004,1.6778025159554748,31261,27.81036393866617,6.0,0
14c13b05-abfe-472e-83a9-b28f60e58ad8,27019835,31576309.42330762,0.8556995891374082,28141,35.01524108627378,3.0,0
c46971a1-cbac-425d-bac2-f4142c92522e,7648278,31227991.058788404,0.2449173879165553,22182,48.77609458710512,1.0,0
a123dc45-e427-461e-8d60-c51307aa498c,41109273,33500040.3421661,1.2271409998350435,30277,30.082671346757806,4.0,0
733d8b6a-ca9d-4a69-8c9c-1f88733e8b68,17648851,25780515.545545477,0.6845809956290607,26885,37.91566598928505,3.0,0
44c2854e-3f8c-48e1-b4d5-1b5778d4fce4,21029525,32597776.47675796,0.6451214552929382,26346,39.16035470164419,2.0,0
2a7bbafe-d499-4241-ba3d-a52ba0a5db3c,39446061,28264491.63896636,1.3956048282721758,32531,24.877609458710513,7.0,0
eeb42912-0c7a-46bb-bd95-369b2b425727,46443453,35407847.54349083,1.3116711752374761,29502,31.872344356179568,4.0,0
d17a2ab0-faef-40de-a87d-1291868b200d,15491990,30877493.286522057,0.5017243419420387,25099,42.03999630519121,1.0,0
e703af88-c05f-4d7b-b225-d640e4d1a2a5,45768727,36987893.726346396,1.2373974938561867,30668,29.179752447810824,5.0,0
0f008098-d8aa-46dc-8445-cca59838c582,39008356,34878995.95975378,1.1183910237843717,28692,33.742841307962316,3.0,0
d7ba64d7-b4e5-488d-9f28-bcb7bf3c0f35,21075624,31417216.003123146,0.6708304134238023,26300,39.26658045446148,2.0,0
5da56982-6de7-4994-aa9e-3b01200b2959,17409550,32632029.297578678,0.5335111047259266,24641,43.09763532237207,1.0,0
cc15469c-7bad-4e86-9da3-ae0c72e9d380,59144878,47712616.38102395,1.2396066802893424,28568,34.029188989469795,3.0,0
33522271-b2ca-4da4-a942-501ab9117c51,29472520,33573040.323487945,0.8778627051950613,28260,34.740439682246446,3.0,0
01ad5016-f691-4bca-82a0-910429d8d25b,21785536,34862007.52981013,0.6249076729551911,27743,35.934324773692964,2.0,0
b3c267aa-345d-40d8-a8da-f9f08c64f9c7,60767431,31919805.64140751,1.9037531644982928,33186,23.36504710881212,8.0,0
88e64f45-adc4-4223-9838-4d7d45b8f0c0,45246218,33521098.10671201,1.3497832874078861,30920,28.597820062811753,5.0,0
f88c0259-58ff-4bcc-a777-7705cdbd8213,46187156,34451340.48055634,1.3406490242685078,31813,26.535654904858674,6.0,0
381cf7f3-cd7b-4660-8175-ff8062f7bf78,19332351,29657338.268173378,0.6518572511527919,28022,35.290042490301126,3.0,0
e8841edf-e070-425b-b4d4-bbb2115f9dbd,19609372,27459687.803103432,0.7141148923690164,27687,36.06364308147054,3.0,0
dd4be58e-da22-4bcd-bf4c-2b9e60ffda19,21190884,29486920.184156477,0.7186536900990429,27536,36.41234066137077,2.0,0
73a142e1-8ac2-4cfe-b8cf-7e9dea64f488,24220442,32538281.099788044,0.7443675935345513,26253,39.3751154627748,2.0,0
091e3084-04ee-4497-893c-d46226dec78f,20008540,31518900.562357113,0.6348108481898037,26726,38.28283761315352,2.0,0
1e0789d6-7efb-4807-8d36-cd9224675a0c,37675045,31548686.346516527,1.1941874405226993,30403,29.79170515425827,5.0,0
c48e2ce0-3806-4675-92f3-d38ff67c5efa,60056852,42481694.79298666,1.4137113006591921,29170,32.63901718086089,4.0,0
bf69a4ce-ec7e-4752-a86d-dcc80e3c9a57,25254237,32999258.691729974,0.7652971006384767,27778,35.85350083133198,2.0,0
b718134c-5231-4f29-a423-7bad17c93fc5,35144436,35341496.90961781,0.99442409272811,27104,37.4099390356549,3.0,0
3e0c34cb-fca5-4bcf-a5c1-5a7d286dd072,49392136,35671454.03688137,1.3846403891731625,29534,31.79844818030667,4.0,0
563d67a1-f1ba-4722-aa2d-9b35b1689468,40849555,38854879.64069016,1.0513365471146885,29810,31.161093663402916,4.0,0
13ae9d83-a22f-451f-88bb-686051725cf3,23895357,31126474.91326161,0.7676859350950547,28966,33.11010530205062,3.0,0
f6c674bf-396d-4bfe-8d08-e7266c314be3,48922644,33656082.521604605,1.4536048266638115,31196,27.960465545907997,5.0,0
0a815133-0edd-4422-89f2-2f067b6f2156,14294424,28723901.703184456,0.4976491058808789,26779,38.16044707186403,2.0,0
9d68516e-7e5c-403e-8aca-ea1abe0d6014,63692768,33157566.986749507,1.9209119904802734,32956,23.896175872898578,8.0,0
d4da3298-3a02-44a6-bdcd-d260f38e520b,56590845,32754141.620530896,1.7277462391054637,32298,25.415665989285053,7.0,0
9382987c-b5b3-48fe-8194-4d83fe340cd0,40227279,32421813.540710393,1.240747342818707,30835,28.794106779974136,5.0,0
67ba29e7-f294-4dcd-9630-ad768c22c588,24540752,31806575.593638945,0.7715622176223191,28701,33.72205800849806,3.0,0
13eff2e5-e33a-485f-9ba4-8a7ccb3c7528,54328542,39839171.14184399,1.3636965941527206,29385,32.14252724921485,4.0,0
c1e141af-bdd1-4176-8c0e-cf1ab0c1d9d3,24904880,29906247.081325237,0.8327651387442623,29150,32.685202290781454,4.0,0
aedde4a5-6520-40b9-9721-c9b826490b7a,33753907,33220789.448654294,1.0160477086846382,28977,33.08470349159431,3.0,0
10628a61-bd5e-4415-af97-631c5ca320cb,21674249,30853031.420554522,0.7024998193714104,27778,35.85350083133198,2.0,0
d7ebd11a-1339-4b28-be90-a788d2cfa706,20335164,27665160.466039732,0.7350459443371874,29092,32.81913910955108,3.0,0
e8e80df9-e3ba-4dec-b8fc-a5e80d8c6798,33272957,32156622.8754232,1.0347155274638618,29605,31.634491040088676,4.0,0
2e386e48-b99b-4806-a3e3-081d72a606e7,23370795,30418485.5874662,0.768308959129439,29347,32.23027895806392,4.0,0
81e7cca8-2d71-4446-9692-872c2fe68d0a,45577006,35006703.22303888,1.3019508209503288,30611,29.311380011084427,5.0,0
9f45a227-1fd5-478c-a194-4a5c61b68cc3,56535869,35323194.45247218,1.6005310356646751,32106,25.859043044522444,7.0,0
af3a0634-4292-45bd-b948-6b6bd2d58090,21486179,26700725.984510586,0.8047039249968106,30370,29.867910585627193,4.0,0
a72dd578-3a6f-4807-a843-4a942500944e,9903806,25217626.29794897,0.39273347471270553,24777,42.783576574912246,2.0,0
6775ce57-b4cf-425c-a898-061bb9a8a1a8,40021492,43631031.52030548,0.9172712770124256,26835,38.03112876408646,2.0,0
dbbee8f5-d83d-4195-85cf-f89d327da0a9,66325583,33609192.82467762,1.9734357604476687,32949,23.912340661370774,8.0,1
0dacc5ce-498f-4c60-9f78-7a013ffaa9ce,41179924,32695330.44257728,1.2595047501454126,30278,30.080362091261776,5.0,0
022f39e9-57ee-4b2b-8b3a-8929e3d69a37,57947752,35095662.274858996,1.6511371561012327,31727,26.73425087751709,6.0,0
303286c2-bc58-4bbb-9171-74cdb1d7f62f,28786029,35109347.06591994,0.8198964493971499,27581,36.30842416404951,3.0,0
cbdabbcd-d8f1-4d7c-9e18-ebd83d888c51,14072901,29829911.803979043,0.47177145854393043,24117,44.307685202290784,1.0,0
75ea63a9-357b-4566-bd78-eaa67809decd,68313402,38195087.21757341,1.7885389712782032,32122,25.822094956585996,7.0,0
2db3c23d-c591-4ea0-b0a8-ed9c4343c80e,24517711,30441358.81070438,0.805407904176032,29245,32.46582301865878,3.0,0
2900eadd-7e27-4371-94e5-7d58cdff0138,39636115,34294512.87628599,1.1557567574434808,30512,29.539996305191206,4.0,0
89a6384e-1cea-440b-9f17-d57cb0805174,20099981,30444747.037897974,0.6602117920368762,26826,38.051912063550716,2.0,0
09942e9f-c178-44bc-9cd9-f5bfa350b23f,13531463,27283049.703156553,0.4959659256287049,27817,35.763439866986886,2.0,0
5a195baa-2d05-4273-a7c4-64cc816b0406,19229452,26031913.859603394,0.7386876010618825,31540,27.166081655274336,4.0,0
9b2c325c-1f03-43c7-ad5c-b49c6d205635,46264813,30317033.744449146,1.5260336281570022,32223,25.588860151487157,6.0,0
abe658e0-33f9-4f57-849b-dec4d20964d6,46853117,32404291.604617216,1.44589233956048,30962,28.50083133197857,5.0,0
9dcb4e16-b582-4cd0-87cf-04f480ec2cec,16008229,38775285.19518645,0.4128461962153989,25441,41.2502309255496,2.0,0
1b0b0533-7c4f-4edd-a75e-8b56f49d54ab,67302847,39264884.608968295,1.7140721963213843,31519,27.214576020690927,6.0,0
5b259d18-3976-4f44-967f-fe5fa8447c8b,31848779,32878811.849679563,0.9686718347856113,29966,30.80084980602254,4.0,0
605baa86-79e3-484d-82d2-4de27d405ba1,40091069,40664481.53959288,0.9858989339619496,28470,34.25549602808054,3.0,0
bfb07784-693b-4c25-874e-4ad6e04a5d46,20019734,30114239.910494838,0.6647929371454302,28552,34.066137077406246,3.0,0
81555ac5-9cc2-49ae-9033-657f56243f20,18889446,32769540.78084776,0.5764330396427155,25606,40.86920376870497,2.0,0
300fff5a-0f61-402d-b845-3938ba7b1294,49318487,34882141.19216057,1.413860655179157,30863,28.729447626085353,5.0,0
e4be17c8-0855-432c-bb80-28bb24b62f32,35193036,32174552.430841386,1.0938158681662096,30364,29.881766118603366,4.0,0
b16bb717-d1cf-4237-a554-43f3995b82f2,18826873,29515307.34418413,0.6378680994392476,26162,39.58525771291336,2.0,0
490eabca-4575-4bd6-9604-6b6e23d069ce,48181318,35447722.59328798,1.3592218194892756,31390,27.51246997967855,5.0,0
68801d41-535f-4b38-989b-ef4fe5f00039,40463866,41157881.0472271,0.9831377362106969,27519,36.45159800480325,2.0,0
c82bbe23-0264-45a7-b1a6-82b4654108c8,21654926,30610236.280980036,0.707440667926353,27075,37.47690744503972,2.0,0
d2c99bed-3446-4d12-99e0-00611faa37dc,8940278,29164065.567594465,0.30655115554032886,22775,47.406706077960465,1.0,0
1add38c2-df6f-47c9-9373-0bec0e40baf8,21234875,31197089.440831184,0.6806684655719036,26691,38.3636615555145,2.0,0
ec3f3f11-75df-4fcc-ba03-f19aca907645,46360968,37204211.30603549,1.2461215107785137,29938,30.865508959911324,4.0,0
