patient_id,ews_var_epithelial,ews_var_mesenchymal,ews_skew_emt,ews_kurt_emt,ews_cv_mesenchymal,ews_em_ratio,ews_composite
beb63625-d9bf-4ccd-bc53-635b53d24240,4.000396836528963,7.965707383488741,-0.11080467303569118,-0.6019300617980701,0.24251534573680833,0.8366862526209109,0.07784158819566056
b54865b6-824e-4163-b759-21a6eacc98ce,1.9899103128573603,10.95021034510108,-0.1955047663262125,0.6541552753835318,0.27335382068123676,0.9711756806206094,1.1001039045749634
c59d90a6-9cda-426d-b8ea-41f0a87033d5,3.7949704858642597,6.287365408813795,-0.17570841587198902,-0.24409037926306132,0.22158313546832173,0.9840164845079427,0.10030800470608041
e8ec26bd-c88d-42b9-ac8a-ab121b8140f8,5.250542530987821,7.136918022740083,-0.15066045985931784,-0.9810453321983124,0.2671656140076075,0.7491609686458964,-0.05366465371525322
e394e9ec-7288-4ede-9ef8-41b631d100dd,4.535484196220373,9.642352790841981,0.03264798355370444,0.0626046009643848,0.26486263452422276,0.8917707854834332,1.0521619273127103
e4c0d890-a634-48bd-9108-e674532b0d2e,3.834803583024432,10.89439210084043,-0.027106804689317043,-0.3862195355434066,0.3003517216484269,0.786411796855553,0.8493921087123683
41f8c9fd-ae52-4458-886b-faf37de77dd0,4.133162013386249,6.272766271781013,-0.36924257142742906,-0.0034198197554804466,0.2557967268123294,0.7091459520475658,-0.22211176698685953
e7dbfca1-9657-4952-8e0d-dec6373dda5b,4.4151323828245115,6.035017709885302,-0.14810236856500616,-0.8031961065156015,0.26808817928297873,0.6012581061042324,-0.5471545518899522
269e8ca8-722d-449b-ace1-6545bd72bdd6,3.4163221956765306,7.695112864405221,-0.6134181207933348,-0.18685267620393198,0.26903937174800174,0.7029945512415006,-0.3583215149946764
17633a60-e12b-4a7c-bd8a-c16341ddc606,4.934043265299935,8.317678934584476,-0.622015039754915,0.3418988663854443,0.29693005433509717,0.7213948117733053,0.4229203980502441
80809d79-92e1-4d6c-ba2e-0a9589997792,5.2600764746616075,9.887068375778895,-0.11904793702623716,-0.9213115158360665,0.2900402716201794,0.7790151937943599,0.5638515390946247
1136dd50-242a-4659-aad4-c53f9e759bb3,2.8983933734997662,7.4431910267495285,-0.4906397159507824,-0.5541834202017881,0.28302365325632967,0.7024262431497112,-0.4749443702294287
7f6898e2-a840-4ad1-80f7-783f8b766fcc,2.041094022510808,12.50805924636901,0.6950096044242063,0.8411718104163621,0.25762570374384575,1.1409493775168869,2.3283920234966238
5d66191d-da49-4d7e-89a4-a382db338340,3.8709570877482746,8.531936105875488,-0.2607645690151093,-0.537416248362006,0.26807680783125215,0.7753698224182931,0.07681971105212433
849442d3-eb82-416e-9d36-2fc15dfac67a,4.390630367923683,7.111653492354513,-0.3199368357022556,-0.459082662585796,0.3114754153894681,0.6139082113971754,-0.09773109988041333
3aae5316-6a5d-4b83-9020-ad691d4edf99,3.4225755797693393,8.9362581677041,-0.38872016335877035,-0.5016184093792382,0.31128965994612967,0.681147058352186,0.04233711139560581
b95720b1-aa00-4c6a-b202-3350d035829f,3.217478786919878,6.548878014381931,-0.4633726200767519,-0.6115545399352293,0.24324685044784253,0.7919942508581467,-0.6043057525481013
0b8de222-119a-40f3-8beb-12b9d933225b,4.755452057548577,6.576303665961866,-0.5030673949506029,-0.20816221376491484,0.2603900071350449,0.7132560091904502,-0.23682812317664095
57a2044d-20cc-4d02-b268-ce570a0fabe3,5.31448076922552,5.766795862465219,-0.25421049721278716,-0.4153457379912915,0.2421134947948159,0.7306915028350152,-0.22934251799239944
69fb431f-0caf-4cdd-9085-eda5b18ed15d,4.590297902867474,8.18385212070723,-0.13681028659978064,-1.093188698310248,0.2768057828154005,0.7454704982761265,-0.016953522849148476
80311cf5-7e18-4545-92ad-c4b7dd5c9677,3.5036892714736334,8.186000556444947,-0.26525493615301365,-0.6671493282317686,0.2654639113015609,0.7805813767050251,-0.1008400381424357
b3fea9bb-53f9-4ddb-922d-b570562d7a7d,3.5326790123517884,8.273510661742744,-0.7787774830914495,0.4500403274199991,0.27714172077085675,0.7326661477416299,0.013647538274677415
4aadf2a2-ce1e-4f94-b146-59292e83e7fd,4.061658935416739,7.0178344582046925,-0.06383111621751461,-0.7540557076298362,0.2348799510487235,0.8327957647462862,-0.12640056956892
6fa41234-9077-4d05-a295-6820f3bedf5b,6.171746996661221,12.248596790836487,-0.5212142779936312,-0.009439567121854342,0.3652955157674916,0.6950336966314261,1.4291162115683245
2d3ce817-b269-4662-a92d-392bd3662399,4.419301997667327,6.335649288974072,-0.4146045605524284,-0.2575700145530262,0.2322260416879494,0.8605809731886747,-0.1567676115659797
ff1407c6-9174-4bae-a19b-d34ca71b898c,3.700502338711829,8.114567839781046,-0.40446235495670996,-0.6782602227034258,0.26907478600174045,0.7355439916954111,-0.2561587381479684
7a6c54f1-f4e4-426b-b306-2ca3c4de12ca,3.0983925592257564,7.989974635479513,-0.666105159816154,-0.020016005014160232,0.295217733214787,0.6738832456258932,-0.23906569428363592
2d02bd7a-5beb-4e43-9ccb-18d89c9d5ca2,3.4511849483636086,6.671440710886948,-0.5552468874418603,-0.16034858264462404,0.2554808499840969,0.7499390985931141,-0.4206637907522925
0f74d992-00da-4728-9564-086ca1b95921,3.8823923398023403,7.173456196900172,-0.567277539401371,-0.09826861160675282,0.2549229771982699,0.7241463902369527,-0.3143794500654394
6cd8d2dd-5545-43b0-b796-ae0506d62eb8,2.3171758381462704,6.2683649993884565,-0.8314335724905958,0.27245722364670266,0.28105942128391326,0.7458990549188147,-0.5364404661476362
0c463362-7925-4d9a-9d63-098b50af2fb9,3.8376233371822157,6.526676410975834,-0.4255039806114911,-0.2638336562675718,0.2907982508652379,0.6368798761033647,-0.3378841287215874
93cd5d07-e0d3-40f8-ae7f-beadb1efb7c1,3.4701037104508705,7.68731396393916,-0.4649428698673537,0.050632321586938644,0.2728600409106651,0.7464542856588382,-0.018526396251106535
d761bc06-dee8-478a-be99-8af9c504e49c,5.108616358788079,8.476241474589465,-0.016524871799692073,-0.9256338987044659,0.2509917505619193,0.8317604676529194,0.2983138210844322
0ec6ed47-db99-4273-9823-ffbde6a77091,3.835635480932626,8.94248950391986,-0.1747050609294349,-0.5014599335060415,0.24071315101840865,0.96495181515249,0.4216513744019082
f38d49b7-6cad-4460-abd0-3685a3b2d941,5.1091586956483255,7.226486751073423,-0.04290542729950984,-0.9568324219887425,0.2403923660846381,0.8145762164937755,-0.0008886521858690136
e6c8c5fc-158a-4de4-b3f6-3b645584bbc7,5.079205221293802,9.320228410603928,-0.24075443389682075,-0.7882054592335144,0.29977853271274335,0.7295593532557124,0.384912397689317
49929108-023e-4d35-b26d-50ab4d3ae581,3.8117085734912206,7.199648203672728,-0.44790304937695563,-0.42263199048936384,0.28012472882286343,0.6494454828989495,-0.3803903704405102
85e95dda-6198-464a-9187-fd0832bebb72,3.7387367765335617,8.785564165869362,-0.5542898229822227,-0.11864867269724089,0.2908604447272668,0.7298554775011438,0.10199992976450767
fafd4576-0709-49e1-926f-ad1ee09907ec,5.54603350436271,9.504326684521633,-0.25676670368881166,-0.7562462380762884,0.3327309434727802,0.6462212430759204,0.5215852082394511
7a481097-14a3-4916-9632-d899c25fd284,5.602779215644766,8.912879364712422,-0.22291931415038158,-0.6149607568217772,0.2951482899794668,0.7470264230063639,0.5202244425448205
4881a390-c4e4-48b4-ae66-140c64a87614,4.643020929654966,8.277674453921152,-0.14219188273113548,-0.7857684786931394,0.2550843654348639,0.8333051498612268,0.18796748570052194
07dc5a1d-64b7-42ba-928e-9753bd533c1e,3.314906917977126,10.066392788295007,-0.5092856498714122,-0.592907854671187,0.28617527388255787,0.7931259909225612,0.11481230568116811
628408ce-0691-4e0b-b4c7-aca9a0d73bb0,3.168255974996355,7.58382792853958,-0.4209300169465294,-0.5307563081089972,0.26025461838547953,0.7703281948634372,-0.34607957255761046
d651f9ba-8746-46c4-852c-6c2992c7d10e,4.7705469255439565,8.443958450537572,-0.27956530369988936,-0.46826621008454206,0.2913695428761203,0.7179680376078575,0.25995728026904413
a56f6562-d2af-47b9-bf81-94b3b4893173,5.232266548211568,8.922022447356866,-0.06033625793535736,-0.8055857523151451,0.2764547156477934,0.7883623429623122,0.465873134719927
8632579e-d318-4dab-9994-d3945afc42ab,2.4911449143234883,7.635033739737144,-0.14946923263110334,-0.5349694457966021,0.2852567998258281,0.8787224042908309,0.11277840544797622
a5e14add-1552-4606-9ffe-3a03bcf76640,3.9545002786643395,7.405437396798294,-0.36187992663022095,-0.44924550777151673,0.31509441576061803,0.6095395293523498,-0.1473456266751224
56eb96a4-d2c2-42fb-b26c-1a80012bcb8e,6.934513299120547,9.177030012323746,-0.20071432025909572,-1.0262291241762311,0.2915952677750489,0.7314330846105686,0.5580026913085048
84959e50-17f5-4f2b-8e0c-5ebb139d2c3a,3.3534829714368195,6.754244982853962,-0.4176558596411601,-0.3499154504110429,0.2967963469435016,0.6378870685243971,-0.3861746724259849
ab9cc98a-86ae-4913-bcb2-cc3aeff8abb1,3.2475747575852245,9.724999231661377,-0.23704212014548567,-0.8403962400599125,0.28850647751976594,0.7723194005933484,0.12381557158305684
622cc1c4-d721-4b5c-a88b-216d6368660b,5.240784542945391,8.747098511183784,0.013748424934331123,-0.9855838811621016,0.23931446382583085,0.881024362988387,0.38119084683281423
5f1399ef-8100-49e7-806f-9f532e55c0ba,3.3102648723851287,7.565875670158654,-0.2837497415257826,-0.6890517190390315,0.2524459294170359,0.8060726869284339,-0.2679829462416186
7570761b-c333-40df-ac8c-9b7f94c58ef9,4.453947130334439,7.400254649711537,-0.23734275726492085,-0.619955518506683,0.2991349563725196,0.6436867227858644,-0.07325968013451671
8a84b03a-e37e-4827-98f0-4d480ec31037,6.592582866884578,9.481115736505515,0.002450977949219946,-0.7450122047133814,0.24035150007203276,0.9105232456297894,0.8773719546252569
e3b6018c-ab2c-47c5-b183-a295d0110835,4.136159168297595,6.972485491931057,-0.26490596429375174,-0.5842216755898266,0.27189613824536557,0.7088530908891376,-0.22154572236164602
d71ae66e-2c8a-4fd8-8b4b-a5a2d456a21d,4.474353228138609,5.515620963917726,-0.043956735064624435,-1.0070397352215648,0.25705948275170365,0.667716721720179,-0.5552493965011174
ba49b428-246d-46d2-b549-39a5fc8f7003,4.0200134628501685,8.98295157868359,-0.32614606294023335,-0.24634132856459168,0.25877971105359165,0.8253281257727375,0.29128466880904297
8d0fa506-3f51-4108-8427-7dabf270bcd4,4.908786932523855,6.349730571232046,-0.19582376642956587,-0.3644481564531139,0.2612956327075945,0.7037162337318619,-0.09200488698574294
b823d6e5-54b0-43d3-95e2-9be33dc6f734,3.7706366508930915,7.053979453128465,-0.16506633046566,-0.7958988298966139,0.2517845951066773,0.7605501093710112,-0.3108926638771607
4f601d7b-8db1-4c6d-9374-21dcd804980d,5.602824056986651,9.811103542788281,-0.21280683032344688,-0.2781390424696739,0.281905104349367,0.7890041967399892,0.8092489524987924
10994156-7c2f-420e-aeb8-11d566b3d5e4,3.2382683705123,8.458255909122254,-0.6308546402609504,0.0524533305750472,0.2944566287085253,0.721772866935582,-0.0016073016434621223
28d03569-8717-40da-8989-70baf2b18f9f,3.756937935204278,7.0846900517508935,-0.40735241056370725,-0.5202799541578997,0.26391817606385526,0.6977878121247044,-0.41942061805995917
0e87e5fd-d5bb-4c0d-952d-711a6abbf336,3.619304799409565,7.211033785499741,-0.16855146462058354,-0.6093705606661319,0.2565160566151785,0.7978967396241983,-0.13030283345717883
dca004bf-9c14-45a1-b186-ab3759f6c7fe,4.471333637972707,5.540767777122006,-0.2558125580058669,-0.4099516649535815,0.2258212611491784,0.7653587208186838,-0.4298877909167964
e3b0ee77-c419-4b2b-833f-90a221415489,3.4795593493574155,8.42887971971975,-0.5008770053341849,0.045825707833497376,0.2862776165336557,0.7289998906750389,0.09788870527651983
98d45099-feae-4dad-aa38-ec03fed6d999,3.9192451801306603,7.213202951356678,-0.5926301698376628,0.06667589618022385,0.2715679668513903,0.6998819647187212,-0.19563736350027072
081a3dc7-45e1-457d-add0-c4686140a8d0,2.882081423182874,7.237723498411597,-0.3910114195186706,-0.4142287506197557,0.2592512661889772,0.7771466183926297,-0.3571851361005462
c8d6fe73-3504-42a5-9723-e1916fba8208,2.5486200119469418,9.654842981353193,-0.9909667430018024,1.182891442873796,0.3256914739484641,0.6761599887899693,0.38300121436710005
c293a148-a88c-4fb3-b2f4-e64e918044f9,4.68353647558372,7.2893214231568955,-0.32569830077229506,-0.3625405484600308,0.25019287025444475,0.7507735204924161,-0.0748948225558226
d259eeb2-d15e-436d-9d37-2d0b7658bc91,5.171233729888321,9.517853191774876,-0.03509873619004367,-0.3634764161489912,0.2409853596767485,0.9704783023395303,0.9097923562323675
3334201d-a3c0-45ec-a9ed-cf48cc8c38e8,5.000488140055814,7.34762440511316,-0.3040457999001446,-0.5621475694709117,0.30016679710890504,0.6632095320630411,0.03322965512734292
c0b8c55c-b993-481d-aeea-9ebfa64ee20e,4.4286479815027535,7.854410680914468,-0.3774764176605681,-0.5477535906476385,0.3137661420005475,0.6380689446904098,-0.014970762265765658
10881458-55b2-41d1-8358-4ee6ccb8ec85,2.9334661261053214,7.986328673160263,-0.4673110941843557,-0.49572593915184315,0.3129865231344178,0.650713912248554,-0.2763836047598765
6a4031c6-ee88-48be-81a5-a522720edd02,4.095488969826241,7.741894872445433,-0.2231697756164128,-0.7505924504716188,0.25971218724649353,0.7667955890297922,-0.12728298014081696
aec0c661-afac-4f7a-8c31-154d743f2499,4.429509545001875,7.425823179006439,-0.2501611200725363,-0.2295570252901129,0.2912267329047194,0.7042679522684927,0.16963714911478078
27e2438d-bd01-4c50-9102-563276ed9922,3.0200483957390287,7.1762975282465975,-0.4702797492729384,-0.25669445050469086,0.23490891316977838,0.8379486771332455,-0.353255926678458
f9b5e6a5-c2da-4a0d-9251-bb6f557b7b58,2.6148887646284145,7.681311628820642,-0.41577796936369604,-0.5790021639184544,0.2732663965338989,0.7314031285197349,-0.4457890778834253
95d4f0c4-5997-4ffb-b876-0ddfeee972bb,4.719206164906516,7.857826470516632,-0.10303331455271553,-0.45889019487368143,0.24667454662748084,0.8433675299515399,0.295654512271545
a117ace8-ac5a-48d8-8aee-3024d6f0f873,3.5722025264437924,8.023519322768578,-0.4908348685636173,-0.3799981224153992,0.3007752929953813,0.6895434845552176,-0.12232833086823569
19089ae0-b590-4649-9d94-a147fa506e32,3.8467738965464577,7.275297613198497,-0.26264461723687454,-0.746176095282546,0.23269862675404532,0.8250881641640405,-0.30484932549938626
764c97c9-01d3-45cb-86bd-f8a52b5468da,4.644782691951822,11.07687279869271,-0.5172250830132438,0.3018029574829004,0.3184241563810602,0.787431392551001,1.0639024271662347
96ac1f4b-79b0-4517-8caf-fc05abcaaf4f,2.314519172991093,6.467858719622425,-0.5497776206357818,-0.32983831426683086,0.2551320809434949,0.7144042907400675,-0.7882684826631309
92554413-9ebc-4354-8e1b-9682f3a031d9,3.829634440113233,4.955253030165379,-0.06378245960160703,-1.0582371074731503,0.26286139118848934,0.5956045724093213,-0.8876752412315282
fb4cc403-694c-421f-b360-3108b6d57ad5,4.2145090928904425,8.57033421611251,-0.27321705362621396,-0.3383588982298109,0.2621563017667731,0.8132902440384541,0.2630071108067767
af06cde0-c69a-4bb1-a234-8023b95e4835,3.6135089666206035,7.631310913662018,-0.2709420571677682,-0.8417071170014463,0.2634790075980213,0.7500523921465131,-0.31381292192870425
835c3e23-ac2b-4bc9-ac65-e3e81adecf77,3.557459079166501,6.454028572757319,-0.28298466696647345,-0.6513517731328355,0.27179425581021754,0.6639246245872382,-0.5242189337819804
76e96b5a-b565-42c7-a651-34d5132e6dde,5.6018609886114055,8.747917027695264,-0.12543688240849826,-0.7451547045003499,0.24800932210729446,0.8799044983839088,0.49664045416634917
cac80259-3a26-4a99-b0d3-13454068e6ed,6.265132256601367,7.811861212712775,-0.2886380547179357,-0.6800495896401588,0.24787443780283996,0.7905557126457379,0.2116675469914023
9fd08502-355b-4f5a-a25c-73ec7184f6d3,5.432170097433725,8.72339897297075,-0.28016493539901743,-0.5176298905612007,0.24568747784387,0.891203357240618,0.45986373545858555
b612d491-7442-4119-a53c-5ebcc35c31f4,4.2025590970383195,7.612035110130792,-0.3040832392803827,-0.6093684060423699,0.24773544652594065,0.8085396915982075,-0.11130278053311278
d4e1472a-7b5f-46f4-acb7-b961f634e28e,4.978842434020234,8.188167978586561,-0.3516768601755081,-0.7514637281688641,0.3094506833243232,0.6376825407378827,0.023123102990639948
8c0894fb-5e78-40ae-be0b-329ca30f758a,3.4675128832445394,8.586680959323058,-0.35670966150045824,-0.8381375387294976,0.2779502784223676,0.7362164296855561,-0.21598439286548143
15d1b0fb-5c5f-4689-94f5-b33120a2bfae,2.7175190287727355,8.05549015739074,-0.6091234844460067,-0.32572809044734585,0.24636872268611681,0.8286082504180854,-0.3753742284493178
124b6856-f581-46da-9068-b0a49b999785,2.7926496665002,9.530879572381869,-0.6268021767287755,-0.15553694244085392,0.31285423734289464,0.7220791342424383,0.08297449105927836
0cbe9848-8eac-4ea8-a36b-fb74b4a33de7,4.428996648424206,8.347112589889669,-0.47542534917568496,-0.336831525962324,0.27991695159166896,0.736103836662311,0.06792719208217199
849031de-ac8a-4012-9362-d192512997f1,4.3724912710227715,8.404619442667434,0.052690730273102476,-0.3958813558731311,0.23425113718167376,0.9200645783762703,0.5365498198980035
73f9681a-f9ef-4880-bd16-93624fd117c6,3.289428489178682,7.533587538702848,-0.515837990666826,-0.435096170625894,0.25306087048847864,0.7689816365627011,-0.4056677313741326
131e0571-de86-415f-b3fb-dc9f971258d3,3.9388057206809863,8.853604542699845,-0.2522423486400549,-0.5655627117937043,0.2638368012761167,0.8083961858670623,0.16543835984757818
8368d745-c74d-4236-ba75-16ca7aaeb3ca,4.152426084838363,6.054882997967462,-0.2841918217898235,-0.37552755422270057,0.28874395520208523,0.6299848192774633,-0.31702779036385703
99c532b0-6b42-4925-a344-fc7262c415ee,2.8404391686609194,7.626803562867879,-0.16464027377927698,-0.9347452288707432,0.24724885019923273,0.8050683776122629,-0.39499610570527094
f4a804d3-b5c4-4da5-800f-6e5757ecfa1c,4.2791997841925005,7.9144732327742435,-0.2686849080420892,-0.6466234953988859,0.2951501891576796,0.6908397291678885,-0.00045353424411537224
93ca8937-97c0-4f6e-bdec-66d32f2a7b3d,6.256549691668316,5.978573559509232,0.056598223661458,-0.7231040765023717,0.26000824288935404,0.6523726243907901,0.006025830790619395
e2edbf3f-25d8-49aa-b656-2a59c3b99aeb,3.5845347787537247,9.499119443912477,-0.4118153946561071,-0.4627082623497656,0.26972894091548905,0.8095198170229282,0.15443331286246056
e6ec5a68-7555-4f26-bd7e-9cdb4c5f7004,4.820042334504701,8.517099537438469,-0.516987919666512,-0.12262664501629938,0.26721339763793917,0.7726790453819846,0.22196698971655685
39d3b5b3-d51e-4d77-a8aa-2977fa734fab,2.6840860287858113,7.214116930388724,-0.6419365411516333,-0.1956256047743512,0.2587356594101158,0.7595402377531375,-0.5227993266820304
043a4745-566b-4106-b159-99cb8b394b81,2.9782622667038936,7.694973495998797,-0.2855607059769816,-0.48726150166517757,0.25693678470298303,0.8223648403436985,-0.1566630098648157
a8b4284d-cbbb-43e3-897b-d04af4bfba74,3.685963953837863,7.928755576384253,-0.6170361215450211,-0.4006313277371838,0.2567390203958888,0.7867898876808579,-0.28941526818157093
9cdca5d8-ea77-4df9-b2ba-0d5e8ec37bcd,4.154561859339852,7.923209726725827,-0.28302287065644677,-0.5380422263864926,0.23970292866773427,0.8493929898176379,0.0047778052726713165
b76d1de7-6447-474d-bf67-77e0bb2da73a,5.471240424847403,8.598499264019962,-0.08516485740919602,-0.6302440861849026,0.2475192356451892,0.8807474303600505,0.5369111267822403
b89267a4-0e6b-401e-85b0-e66775858aa6,2.9981440439585376,9.232400378777664,-0.32903628220103875,-0.23773842524894206,0.25721783601875714,0.8556396603030538,0.20309198716943613
1ad0b9b9-7ded-4281-b114-9dcc6138c037,2.637393684267299,8.170270961977966,-0.7867612714042931,0.24891559211548664,0.30678037743675307,0.6995154466090917,-0.1424823306459718
92c043b6-8d53-4c1c-808a-c4be5e2926e6,3.0337053169900274,5.9633334201318045,-0.31877509592493586,-0.6020008320617904,0.2582373019226544,0.6966125736473897,-0.6995233346139768
c21d2c68-920f-4526-b754-286579c049f3,5.34027408438623,6.265469409833892,-0.2904604995790986,-0.10830559478303492,0.2523106187177958,0.7304906783924123,0.016092393834107183
565e2726-4942-4726-89d3-c5e3797f7204,4.319867454809571,9.63469884118557,-0.5292204130918479,-0.5116787499188815,0.3042269236471619,0.6934191049059404,0.1598182655633141
c4d74653-d26b-4e51-aee0-82ee3d42f883,3.457917567335729,7.1875558832509014,-0.44482037244487427,-0.4973236427763208,0.26139226235344853,0.7597732846913344,-0.36698812672588405
7ea546ce-f48a-4d9c-96b4-a0124c692870,4.7008204164121405,7.097614328966905,-0.17586854937726396,-0.9145142236905981,0.2537382247229871,0.7632033341516298,-0.19271330300582667
31d960d7-8f5b-4d22-bf5e-fae0849c4efd,5.141402269905906,6.601383540032935,-0.20802720545895229,-0.6089876137759838,0.2507888297885027,0.7795131158845883,-0.05298489290287641
e5921d6b-51cf-44be-b295-610cf7c3a69a,3.5817576826419204,7.64706747432201,-0.44920876697609347,-0.42634719490566075,0.2823785329110433,0.6669769101058769,-0.3141435686151375
93edb105-5dc9-4a4a-9fca-c91f0161fcc7,4.036711343232357,8.216368300950307,-0.14269498285633853,-0.8496963079640345,0.25429638422702217,0.8209056786471888,0.017268793333646282
6fbc2b46-6762-4778-aa7e-782162c5397c,5.627095631697757,10.830338937061422,-0.5171242606448492,0.040915565754144456,0.37975541177110633,0.6112464354600656,1.091529666176956
5e7074a6-5011-4dc5-950c-41365dbc6d09,3.056660623109649,10.416040233731426,-0.19035071675537912,-0.4117657609503911,0.28303901468642484,0.8709229882098884,0.5806020234456052
f87c6dcc-1a9e-4df5-962c-1f946e2611f8,7.755455197720196,10.91209346673871,-0.50855864336592,0.2947687563734367,0.3607517503246294,0.6493191824739987,1.5523049369313513
a435fdf4-a89a-499e-9006-cbb5693eab26,4.723542572365171,5.880348327251734,-0.08822727919431207,-0.8912215623380733,0.31518896606524305,0.5297118208270859,-0.37367602567606567
94067eb7-98b7-4975-bab1-c09e1b454a25,3.6797734732266165,8.08303578826569,-0.38474934429618146,-0.3851334991082602,0.25618525664317765,0.8159815366929218,-0.030538111730858925
40c217ee-429f-41f4-adc6-db9186622b17,2.805340416520726,7.757789859525864,-0.5294311350214113,-0.2589640608989505,0.26589106829319936,0.7523689105692146,-0.3441536684306022
c777a777-373a-4773-9566-6c373261f00a,6.24837026531648,8.826730565031893,-0.1706849991060822,-0.9988110757128092,0.28314481905390027,0.7387165857644342,0.39402015999457896
55697871-b9aa-4acd-8dbe-dcd5391db8f0,4.1173854384444635,8.726322973123562,-0.07749200121654101,-0.7343431795918596,0.2610175376197113,0.8071239410881305,0.2152202758021824
26a12266-c6d8-42f9-bd4e-5093d827ac9a,6.466742671843996,7.295760611253691,-0.3222500881179894,-0.5254344281772929,0.2472839533493071,0.809187555122857,0.2556626659817322
b079a153-62f9-4026-a2f8-a1390168bbb9,4.930632099515754,8.394911288011976,-0.47113647328844926,-0.47845449717060173,0.2655770102246056,0.7840665851422886,0.10789230406048399
cc1d6ad3-b60d-482e-8fa4-0af26823007d,2.943214532908391,9.1267225843973,-0.2413611163841091,-0.6907912979627842,0.2570511290845119,0.8167011650548385,-0.040720678377116716
3758f4f7-ac2f-4f9d-bee2-526196f8129a,2.475425955206261,8.218865709010666,-0.4280627406061606,-0.33491969588102055,0.25317298040762515,0.7964034129685268,-0.2839821154573511
a19cd9f8-482b-4b70-b7d7-06d6bb1b0260,4.185650428485906,6.458878453036938,-0.35438963795799683,-0.5850015486522788,0.24483882259478568,0.773990859198784,-0.38195681427975914
bce3ce45-4fb3-4d8e-9ec7-d24427c2ba4d,3.4389433102924687,6.217750894999777,-0.4792461902979653,-0.4296649896107363,0.24270528576559333,0.7611813417561345,-0.6033134740046893
750770db-53cf-4021-a8c2-5e0ddb97fef5,3.3684178821100876,7.397372542779262,-0.47066774354493063,-0.5986425867522005,0.25524686743688685,0.7806788333431708,-0.41553253909608157
38d65618-4857-490e-86b3-0a3f772a9f60,2.699877278058842,9.613159349970305,-0.45419917379611563,0.043374581191296446,0.28635780397053456,0.8088297691875714,0.31714602603041825
755d3bde-76c3-45c1-8427-8e4d5d686dc1,3.5935144403306123,7.99852003374052,-0.6056554207912264,-0.24707516768719318,0.26787639145767317,0.735296091353801,-0.252187586376123
d655bbf6-c710-411d-aff5-ceb0fb6e6680,3.480035814619452,8.337595763361973,-0.16885378282891825,-0.8901538583014919,0.25517167638484656,0.8060056853204874,-0.12429873309156458
25c3201a-3dd5-4edf-ad09-104e5c10663e,4.48872157036569,7.0523851868138,-0.2978757146333189,-0.3938181242065326,0.2724068242075914,0.7049735219965192,-0.09257919489461218
0687bea4-911a-4ef2-9fa2-531ef6ba7910,3.6278460797508543,8.364829352749485,-0.13851810739181614,-0.8187906785574328,0.2611204112163927,0.8161053675590899,0.015802653879230466
b4c3cf95-a27c-4bcf-9321-38723473e83b,3.6630136586718707,6.742731528166914,-0.4888470110514835,-0.16839873621739265,0.267567600406074,0.7000027074321725,-0.35527026864576944
7144a65f-a63f-4b79-8fe2-cfe48696de03,3.1499212579490243,10.06545726337641,0.07421990266990028,-0.11826099389576816,0.24975618892858442,0.9483268104079652,0.8437155536767892
80e677b1-5ebe-4069-a1a5-1538ffee6642,2.6420749581634206,6.3016271464845754,-0.5137225273729941,-0.16155216487590396,0.2509982328090401,0.7480751271927997,-0.6073319832160642
4a785dc7-f5f6-4607-a19d-e6354b2fb5a9,4.058748162460988,8.064173398596806,-0.33707504839173263,-0.5654100508049598,0.2920572792244206,0.6935921385750453,-0.0454729416872632
cee553c8-460d-436b-b55d-8f41624816cc,4.008007682068802,7.325699245695865,-0.24980809925036787,-0.8064764813670933,0.25559332485791997,0.7365467706056602,-0.3284898071202792
b107565b-7558-4745-952b-689178367e1c,3.110358225011635,6.774630354086424,-0.5078280547679814,-0.35221195287445717,0.2717200713813592,0.6979704441001101,-0.5241370101056507
bc42fe2d-1a33-428d-a601-b1871f4c8d9b,3.2471396062004736,7.857550501575175,-0.5589505699568735,-0.14055429636013983,0.24037155938452662,0.8408592901179448,-0.1989956339810127
912b61a1-6a5b-451c-b753-9c3dac03e8cb,4.555333743138101,7.88307552934022,-0.22251795939376529,-0.690580370565129,0.2706092244106095,0.7489984915206931,0.027483421748614022
39aec099-a33e-47a4-a602-cbf65ddd3830,3.2757802068686392,8.248780375204497,-0.08796988871890479,-0.7254314999193565,0.23831884436665515,0.8741252687159844,0.002025395403953597
21ddbfaa-1b21-4a2b-be2c-237dd69b20ff,3.8618759900218698,8.24013328443353,-0.5268079098013158,-0.18084746112071537,0.2958146132639208,0.6841959480616805,-0.019137754103606314
eb4e4e09-98b3-4e85-8dd2-75676ff2af14,3.4770805976615917,7.672309596946104,-0.6581851879545326,-0.1315541602475503,0.2869479756089884,0.7487163050256042,-0.16362816110374984
9c45eaec-d854-4f51-80a3-2d80d6b4aebc,4.293632572899953,7.50300420383237,-0.47589587057125254,-0.5495819990192943,0.25258533590558907,0.7702457053045488,-0.26123935275390897
326c1637-ea91-4006-b440-d38420af1ae5,2.673530263983958,7.4054440123718255,-0.7437756657719905,0.20647117043655028,0.26960288143568883,0.7095827102977357,-0.4255410221695719
dde411b2-5d2b-4638-8149-89bc1eb3c7ad,4.493465824391913,6.546725847575046,-0.43193335187943016,-0.16790498203497295,0.23102742370475976,0.770353934576217,-0.2729554186087321
5116e3b4-2bac-40f5-8046-b9c1783faaa5,3.956013220042241,7.468144247973207,-0.2514137126933928,-0.9343872611059898,0.24963504981776266,0.7977397690245748,-0.29272396792521604
fbb69964-f962-4b89-b59b-dd05f8faf61a,2.9534317545610564,7.057625005454273,-0.3653239885549317,-0.7640287682084064,0.3517276955373034,0.5375952602898555,-0.43885268255157434
c594196e-49ef-4195-a6b6-4ef4a1d9ec15,2.909722514366816,7.751143438668638,-0.40797290819162463,-0.6869156646458219,0.26202082559410605,0.7773117600665362,-0.4056504613777674
7ad0617e-bc4a-4869-8419-744f04d9b7a3,2.959733575513895,9.339194136278111,-0.5911945515191935,-0.5006730170064029,0.2879215054744641,0.7595097291553973,-0.11974745436584566
47a8e514-904c-4867-8f43-7eb573be835b,4.286565241760422,6.839183950524743,-0.3600933307123652,-0.15899836419243307,0.2641387204308767,0.7154210222938925,-0.12297092013733808
639e1050-088a-48fe-a0ef-4a01a3468cac,3.349800843389496,9.155060610112498,-0.204424723165317,-0.38035242711454087,0.2666823179433432,0.835356609965685,0.2977917701522414
d5a296ae-c165-413c-adcc-33c9e99ff873,3.9213360926340264,8.507283413508912,-0.2925756251802186,-0.431096032700502,0.26433573782559966,0.7905833644650141,0.11487889942051237
be85f845-b281-467c-8b97-bed7b7fdff64,4.643776300436378,9.903344538455379,-0.12794771162394453,-0.4948441024850001,0.269533581742307,0.8905058001096846,0.7505102869861545
2c30dc20-18a8-44f9-ab10-558c1e5634dc,1.7566592640359922,9.351423910974816,0.21277826223888024,0.4964095980802363,0.2454036067534997,1.0220053448187398,1.0199205901668316
5d73b382-3da3-4220-890e-2095228bbe6c,3.842597314639627,7.96150502731394,-0.06469944783628505,-0.5832856697870241,0.24080841034949785,0.8345986519572736,0.08003124990596268
ac13d568-f79e-4ba7-b7bf-18e4354e0920,3.8950587596063113,7.776351319585848,-0.27220237315067264,-0.6707282564570227,0.2851980567356478,0.7019977524939585,-0.13504855179818723
57cdaa1c-4e94-4a28-ab3b-300c0457555f,3.8195525385075406,9.557341513187838,0.000239458366008943,-0.09543082720639307,0.2578074173780911,0.9738907149514445,0.9415452814112822
fb9e7684-a7f7-4f17-bc5d-1f359e1b0d42,2.744349744831106,7.6309048938606,-0.4941356180362126,-0.7029876037088161,0.25300002052249726,0.7868490455820858,-0.557717154976949
eb191e71-4b6e-4c8d-8348-519be5a1e657,3.8779183508543986,6.986008731570158,-0.217847941844585,-0.9851278782841391,0.29029490220502185,0.6483957478602675,-0.42388778628979723
a06c09a8-0951-49f4-a765-5147bbcae109,2.3112914173981767,6.214460450262054,-0.4668307651865502,-0.4495713061652804,0.2631220933002319,0.7119439567019018,-0.772523406972237
7b47489f-c3cc-4388-b5d7-c7c02790a5f6,3.172920865070561,7.515171642201165,-0.4534205232681598,-0.5251117330485648,0.2666027061932094,0.7496075276523542,-0.380239438617731
f3b9defb-88ed-4c95-9feb-7197d869676c,3.5330044129263958,7.474055507430893,-0.6198306741090528,0.19278280454056507,0.29338703268218613,0.67868227033713,-0.10203090349708709
613aa3e8-a70b-45a9-9c08-0c2346c8bf00,3.2050528779232366,8.195702883715597,-0.2982679154704648,-0.6800010660479763,0.2659811173246838,0.7672802953604239,-0.204862140267397
23d0681a-912a-408f-b19a-0bbcf5ffc2f3,4.259969678407025,17.26447215826055,0.3700892180671709,-0.2631747030825533,0.34431034959028123,1.1509630892099738,3.119648758916177
ca5b878f-8bff-410a-8e6e-b1c133018c8d,2.918873985611099,9.450388384545056,-0.4931291236369519,-0.5337876605641667,0.3350708512143501,0.6515322490639264,0.012804221725501145
cc22913d-2dda-48bb-82aa-9960b73f3e44,2.5705933728038586,8.570961379627626,-0.4595441145937275,-0.42276153590641563,0.2819299649546294,0.776783699911047,-0.15405998867305945
58facedb-fcb8-4ecf-8338-2bfa4947acef,3.2357059024544585,9.664402027205398,-0.5482637077254024,-0.5195160971783404,0.3097702210014773,0.7199927372775604,0.04604056813816664
a512701f-88bb-4b05-8c94-fd285b9dd13e,3.1009640269827288,6.282445369630398,-0.4473893818970294,-0.27406267167664833,0.25414217535188854,0.7080919290873215,-0.5934156378262249
aa85d9e8-caa6-422c-95ce-780e4ac2a5e4,3.1811042072039073,8.179058575653942,-0.43894064102630825,-0.40778809123646553,0.2600410332057442,0.7914805457879374,-0.18019785583880407
d976782c-90c1-421d-b83c-7fc2617e2709,4.61000051740558,9.11166970839904,-0.6350531057663233,-0.13407053618315867,0.34962412007972377,0.6598350975433965,0.434023361756414
2a971e32-b0e7-4a3f-8c40-62d69c0307d8,5.770013077316443,9.046345050517976,-0.3415699921197541,-0.6274204632976468,0.331454724538224,0.6438428258382649,0.48059025002574035
e83e5700-f968-4978-bb78-56a83936ce8c,2.8302765304815636,9.150862412202903,-0.3386060551498405,-0.6336907920940535,0.2643175025210928,0.8348349777651576,-0.025956547648362582
568dbda7-88b5-4330-881f-dc5d6c7ce4ae,6.477952193383919,6.945500641190613,-0.06849932228944512,-0.8161610930592107,0.2816629476980969,0.6595075062467531,0.17719181105672535
aa909ffb-03e1-4e3f-8888-2212b23d90b7,3.953328248932418,8.43858669965439,-0.07110333088205893,-0.7955394320942979,0.28183967412372324,0.766899590370285,0.1685406320270734
5f6ed48b-3b5a-4d20-8fbf-c9aa3feea186,2.985058427717316,7.399187429903806,-0.5485643759185949,0.05334129082875583,0.34774650657044437,0.5687451271136398,-0.1118959492198679
35c295c2-37d1-44b2-87a3-1039645e5bae,3.7365128831036114,7.53117291315923,-0.4618999270696732,-0.6483510203754088,0.27504205184081587,0.710501484976262,-0.3728966079796397
96e013d9-8e89-46a7-8d07-bae95af36708,4.723020162408005,7.323150836211269,-0.024757978768919494,-0.6799185504384146,0.2241167387017704,0.8823863200506186,0.12605173361503225
d5a1f43e-25a7-47f5-b63e-43714f9f732a,3.405128321172824,5.941088965636567,-0.4404941465892756,-0.20453119885516768,0.260154479114172,0.6689653034609431,-0.5919491737257244
654c6f5c-3e5c-49f0-b53f-87cd9797d7c9,4.415448936693932,5.933583634224058,-0.19196463407400632,-0.4635744410296696,0.24851605547000832,0.8384258911510934,-0.08413417363883012
3a8ca50f-bc9f-4250-8c8d-22893763ea46,4.172271096532779,9.211896804115556,0.01007107044258812,-0.6662776527696863,0.2515175979400379,0.8828413098897041,0.4818942913908722
da21e143-dbf6-4ac7-8872-f1d9ae39512d,4.47428638850665,6.88997551502919,-0.22563756381432434,-0.597102334822901,0.2898713889826309,0.6510181570800779,-0.159144337053546
65056295-8fcd-4f82-a3c9-a5acd79521fe,2.9213165731853388,8.882414658106986,-0.6787422517985221,0.03325881881845838,0.30871247382284167,0.6955754103648331,-0.011674900759905663
f83b909c-da90-41ed-b532-a2ef9371cff9,3.150108703018916,7.7220488434523205,-0.541065290302947,-0.2850931948636428,0.2926994635722109,0.680845068345195,-0.29427909270515307
c6f6c032-5d4e-4028-aed0-24a587620354,3.6384565829337654,7.006707520691063,-0.4415486384133585,-0.2928909396241819,0.2666837611754954,0.7076832108071722,-0.33532370496804204
32b77693-18e1-4692-8488-add1940c9e7c,3.28826742984375,8.150710101436871,-0.20458757871096522,-0.4237692269090858,0.2510327188338964,0.8192166925770855,0.007683744337948069
384400c1-98d6-4cc3-8724-de6711f6208b,2.688109340496188,8.505470345764017,-0.5504984831804677,-0.11776796361583042,0.2903920375915145,0.7557191460918858,-0.063154812277724
2c0a725a-e829-4d84-89d9-d0d47f6cfa37,3.4674817410478904,8.62168646781818,-0.5452721961412516,-0.17725408863462455,0.2790823947328738,0.8059553707598782,0.09441253791823327
75c3004d-1ef4-49f9-86e0-1bb7b9553a3d,3.4134600201291048,7.83313306434062,0.020310960373069113,-0.39390516864057457,0.23069630541621422,0.9052179877771442,0.22196722107257258
26a41625-4680-47b2-afa9-6a72b148e1c0,2.982169864481725,8.561897242305912,-0.3500623285453556,-0.8547863321197129,0.26234122085588474,0.7893644223829172,-0.29176107906089954
7a70f061-9a6f-408e-a416-7f5295ceba3b,3.6606086469073236,8.393178348712297,-0.294393351290623,-0.6555777100058697,0.2534498815180055,0.8040557024980562,-0.08765237579413916
c7c5348f-5708-45bf-b40e-1bf7c9348f60,5.0171368085302435,7.858125907835828,0.02251799760718162,-0.7984915466728935,0.22423748292872758,0.8685962055888348,0.20300803227838157
c616f95f-4ea1-4019-8c17-041878085c88,3.4281604031323676,7.482435497114703,-0.6461498315371471,-0.006170114148401407,0.27463811385261644,0.731188583116918,-0.2376993322043446
c6ed47f4-358b-4f06-b5cd-cdf1d5c47b43,2.7163402427475942,10.137031913121477,-0.46294511644351977,0.3095698659952193,0.2594799198531997,0.904021655487994,0.5362460931216768
ad440651-a2de-4bb1-90da-1e5e8975ab59,3.1916491470990627,7.564373255520288,-0.35940556035341426,-0.6586756120492936,0.2660699504021724,0.7463065469432438,-0.36992594225398334
e3ca9046-9634-4332-b19f-88b18110f941,3.6902875575674536,8.111827482287206,-0.43587898942864084,-0.5192733470172266,0.2588815882719505,0.7829187969590844,-0.17536472930460997
265d7b06-65fe-42c5-ad21-e6b160e94718,4.701928237848163,7.125814716116063,-0.45698975157786226,-0.524572152424637,0.26693517490217206,0.7227394497246002,-0.2255770209255196
6baf61b6-ae5b-42f0-adc9-0d26fda231f7,4.060669358214555,6.855932604921607,-0.3782425369414875,-0.6177037168589155,0.24413361365474393,0.7930855705904014,-0.34959614325926264
c113808a-773f-4179-82d6-9083518404b5,3.440380890963689,7.655622441176089,-0.29614562918234966,-0.28504770448847605,0.24127144672267903,0.8243465868038827,-0.08639323283956024
cab7bdbc-0a11-4901-97c3-26b884f79cb5,3.8700644043760626,6.936343911417597,-0.2537053670404782,-0.7369230715877046,0.24283950947061875,0.8016782272584103,-0.3217968573572742
ac6a3df9-41b1-4e5a-a15e-f44481384c23,4.894782965093829,7.796389213446685,-0.24275620408215295,-0.8531351808344252,0.24479765440099105,0.8277305069484351,-0.013617771012359023
0cb0dac8-4ce2-444a-b1ae-1550e065b4d9,3.3313500042553583,5.562881693459282,-0.3023876765953059,-0.8865849579499607,0.25800222158162456,0.6633293830290043,-0.8887876201143093
39b6ae01-c97b-4234-8a28-208fdf170432,2.8271657954334453,7.803776052020976,-0.8050745147508491,0.4432902722607994,0.2589437165196322,0.7888539096756982,-0.18943074337800306
960d278c-c87d-42dc-ad28-42e010d8f0f1,7.4995018340928,7.198486203067041,-0.031197917141984676,-0.7625178821130016,0.2584725643707416,0.7302219102155817,0.44158757748502236
9743d31a-ea8f-4847-87d2-ebf77cc5983d,2.351796741597799,7.3615268185646325,-0.4807719683755328,-0.7448766745442463,0.2610575047012843,0.7411633854262771,-0.7127708336644575
35c9264f-34ec-4d75-ab80-aaac86108fc8,3.8607087732561802,9.062833570949905,-0.6978952095798149,0.2617571950969091,0.2868124362336968,0.7131835529447075,0.16921930453553635
e75985cb-357e-4072-b047-eea37965d70c,5.5564068590113935,7.568779914323405,-0.08407423031528391,-0.9534491062137551,0.26535263605011544,0.7604911173930404,0.1319465418969663
401a37f3-6630-4400-a811-a262351e37de,4.331729079137711,7.529599714103222,-0.3609965692629875,-0.6432450383037085,0.2738339047915152,0.6645260096534856,-0.2901351159600386
143f2dd6-a280-41c5-9242-442ef91b73ec,3.4599074741247273,7.207741350113441,-0.3237786006272111,-0.7140303446548879,0.2774269494008164,0.6934342857111863,-0.4079887298876959
acd51808-870c-4684-a2de-aa0b058729e1,3.4643875150486187,9.057665005355354,-0.33505339593648453,-0.8008246686597551,0.2916345830457357,0.7346049942022697,-0.041752602220192364
eecaa5cd-0b69-4af2-a782-035025f207b6,4.055644504282939,9.575412074013224,-0.07416604109221588,-0.21882737885594894,0.26740227605995137,0.8882216652933452,0.7576444288716923
bce5579c-08c6-48e9-853e-fac85ba8cbea,3.7036903005978323,7.731711936037111,-0.6901605437034061,0.008752155452715904,0.2678218601313895,0.748710179556868,-0.18953118527291765
a6f98ee5-9638-4ebe-804b-fba54aea9f90,3.207309071831446,8.246055074366398,-0.4117364353820446,-0.5160153455789684,0.3128133863349588,0.7006998778889207,-0.06385260045218329
ebc5a6f8-34fd-48c1-a2b9-7f60f45fbf27,4.297767131433423,10.358784170154854,-0.28892592495193475,-0.3293335499999328,0.3211537418691037,0.7111405517981435,0.6563771177236177
1c111912-c664-42f5-9802-065b1994a2f4,3.3971515126054213,9.929319791067877,0.21363842776167916,-0.3994604524815766,0.25440989458618224,0.9242288216655111,0.8240571127684543
31a3877d-3e82-450e-811f-3448b06f3950,3.831225734350298,6.9331530835649104,-0.4446089185051663,-0.44052420393900826,0.2681378746809787,0.7117427433103367,-0.3662939089682223
e588714a-7753-4c3c-abb6-eaf1aab53ab3,4.070492228387022,5.728125113879799,-0.2680010729851179,-0.6116205606050977,0.23893568252873684,0.7097007647239675,-0.6081021363883813
04d7a52f-a89b-4114-a608-a6254b4d604f,3.1545476161412935,8.050708182148401,-0.6983067322348467,0.04894899626430327,0.27961810307609414,0.7464441191458402,-0.16273395953038525
4138aca8-e085-45fb-b353-74852efe61bf,4.840008821131252,6.265164444862881,-0.08772643927342487,-0.8673042505520931,0.22211031902567302,0.811970050644091,-0.2821130035424693
b6202d8d-dd3c-4fa2-9242-6e55759846af,5.722164644670146,8.849012755295776,0.2006937689427441,-0.9263728904856738,0.2517930324973571,0.8536504327987035,0.6667998094370473
d9fb85c3-ade1-47bf-8159-170f81eb130f,2.9037384855145554,7.569074772326525,-0.6748241539831341,-0.17141047730030667,0.2753077232354657,0.7206126927633002,-0.43066095637660085
4f786107-3cf5-4ab3-bba4-f399dee23f0e,3.6893571559651472,6.96171614972288,-0.4634283389904458,-0.07572526273159985,0.27519611585048004,0.6986095703562751,-0.2167882712709066
268c01b3-d2ce-44c0-a2fe-ea846a1253cc,2.8806759212289483,8.765188838714305,-0.506283127326223,-0.3515297481096229,0.2577655624484934,0.8569483226104538,-0.06206318436590874
20ccd267-74e5-4574-a8e1-028bcd74aaeb,3.7930825498188763,8.378524618258842,-0.3437688891403341,-0.5983062109747475,0.24356748853445592,0.8471630968827387,-0.051455180806157186
c5c4a0a5-900d-483d-9282-475654d63265,3.5858067502731896,7.148602105279285,-0.49776294963291057,-0.46163844428872514,0.2601049303386419,0.7098486232068607,-0.48069171116513804
57b0f89f-1b75-453e-922c-01cd4d44ca49,4.9847376733893185,9.286716850222412,-0.3373816688114496,-0.407644521971791,0.28796024250803354,0.7746702844839717,0.4856456895155538
6fc5e56a-1f5e-4ff1-948e-5ef636ebb48d,4.193959009153782,9.551847684027974,-0.20839280590686532,-0.7915371743189019,0.28065331381978703,0.7994485048078506,0.3136064208442158
ce00896a-f7d2-4123-bb95-24cb6e53fc32,3.1041626776177584,7.51893722433946,0.5325283512099884,0.018942311986795968,0.23100902728805842,0.9382743735761155,0.7764503915100907
3e1886a8-2ed2-41ee-8b58-10f5321ade6f,3.126999438896892,8.435698616070006,-0.5001745710098431,-0.5226320297944178,0.2965626563756147,0.6859435798769477,-0.2477795752404036
4c6c8d3d-e4a3-490a-9211-cfbe7e6ee25b,3.0015011604882793,9.730474518372011,-0.29740554515551515,0.12416641601135492,0.2995032370261181,0.859250423866521,0.7188017530008812
b728e6e8-a0e4-496b-904c-6f07c12e901f,2.9099436951826547,8.314301802172107,-0.23777200769872703,-0.32176421745117967,0.2554920666633893,0.8680006152571484,0.10969997606224198
6454ff0c-26f8-4cc2-b77c-7e5abdc20acd,6.284429899313399,5.3492277735558105,-0.13877384859127664,-1.0942818308633484,0.254350292234878,0.676817471291858,-0.37983346071412116
7dfbc0ed-e684-4966-8b59-fb6b9e80c129,5.021903450242002,7.67069350640402,-0.1494500029007785,-0.7489354920749531,0.2614912850269081,0.7571118425025809,0.0695652850196448
8e87ddca-f43e-4c6f-9d5b-430b666a7f6c,3.4858494924196894,7.419069991688343,-0.2720372044174042,-0.5644265482726514,0.23575158063309776,0.8719582801221515,-0.1595884681034534
227f945f-76fd-4a63-9609-d4e730a3d22a,4.492907123821356,7.978020298411854,-0.1446821064696309,-0.6843381908696284,0.24108921476303222,0.8643061963949307,0.14567138796925896
af17788e-a562-43aa-bd36-fd3e031f483c,3.0663063805106896,6.412571291699542,-0.31062231514910377,-0.5626204064514457,0.2705047369244325,0.6788980562050105,-0.5716869650123704
56c8b812-ca8e-4eb2-b0fe-f264316789bf,4.885846164432594,8.645422586978194,-0.3219881535914087,-0.5382333295333241,0.34618481457389383,0.611923638765587,0.3559238012711276
e17959bd-045d-4540-b43a-c3863e8ff3c0,4.723203504405203,6.543722937941351,-0.3114767087244654,-0.37705348657755966,0.25811535784523915,0.7267333875603231,-0.16505522390953942
93690a96-421c-4c59-85ba-fa6dd538c721,3.3531584546222972,7.911893056960189,-0.1427540564777771,-0.6929276182372242,0.26028221722407446,0.7803060483151932,-0.11278058695679556
e457344d-76fb-46bf-b362-61a6e811d131,3.9347017512436744,8.571310184270482,-0.17213047724724803,-0.7706179177330004,0.24798409816909886,0.8540911681546809,0.09000666020820973
27d9c162-11bb-48fb-a41a-aa05fcb4c1c2,3.9346384039906046,8.451744911236196,-0.7790394647918282,0.4151630619786686,0.28100831347226113,0.7308120603297062,0.10900910557825876
36eaf209-c332-4321-b6aa-51a3368ecd79,3.4745227598486537,8.057227023728347,-0.4061735727947351,-0.644088024109168,0.26086384402708385,0.7902720917186206,-0.22821714725941042
4beee9d4-ee52-4fed-bcc4-d300f5ddd4d0,3.3790142563746843,6.947148948348567,-0.25880348138361453,-0.5497407074080534,0.2550681462159342,0.7364855741931612,-0.3781597313918317
03efbc94-a43d-4db0-9377-e397348430a6,4.177664076054262,6.907625944561624,-0.22719709747815411,-0.7351505684743911,0.26563611860585673,0.7164864130168968,-0.2859601735200066
a85e8208-a6f5-4e91-8f35-ef574f4273fc,3.2924556582641586,7.447184004636502,-0.3216519815142357,-0.6521537040934025,0.24690931923642803,0.8144880217911978,-0.3149687319397854
14efca0c-882d-4fba-b15c-64af6e213b80,3.862584276941535,6.2368964384329075,-0.23475967033724554,-0.6335850447070319,0.24393919598198263,0.7551022504703786,-0.44054358186931203
e7af286b-3dec-4cf2-8fbd-fa64b3efdf7f,4.266202127104447,6.529896540679957,-0.09161381643741869,-0.7415073599625259,0.2256520014412301,0.847644389819235,-0.19775383220104756
132229e5-947d-43e9-a54c-a97d4be7d604,4.186944902175887,7.126428951071781,-0.34587376919166596,-0.6169451570631241,0.30889174171151473,0.6149146613125909,-0.2364895368069118
95a54459-3fac-42d5-8ec1-ed66d971d64d,3.0092524479553124,8.250897511167825,-0.375216352383903,-0.7162831628035664,0.26556689097695313,0.7926657807641247,-0.25867393904896985
1fd75c4d-e74c-410c-a150-814722c6c1cc,5.756083356260276,8.804713201635888,-0.20316468685516678,-0.7733643964629762,0.2975400840455244,0.7077599620413191,0.41023245282879217
c085da47-d634-491a-80ea-514e5a231f70,4.199347158450026,6.101940578501611,-0.49286234231722076,0.09072521869596928,0.23391188006273742,0.7610390516663039,-0.31143748291584983
8c043ecd-2265-411f-bc3b-dc341cf56ac2,2.5090604048214655,7.2875765002634045,-0.6034340106373036,-0.16937296956173276,0.25711526019638536,0.7857235055372637,-0.45900282993945574
eed7405f-f8f3-41a4-a0e7-242f23087f59,3.6893078066249703,8.39348520731591,-0.6123980076719429,0.2721466850863199,0.28769548367033365,0.7128786779385192,0.12469150555111802
f4e047a5-bdb2-4bc2-aff0-e0f45bcc9062,3.203051407937104,7.285572728688443,-0.4214328860238884,-0.3669584406071684,0.24287557896598244,0.8234675355074376,-0.30254596050116717
d9d7f0d4-fa64-48f2-8037-52cbf0b34ad8,4.092089259979101,7.170643308897027,-0.38552049381332343,-0.557908743112216,0.26064221760388784,0.6800473248212905,-0.4058088637099817
0f940ec0-eb0b-422a-a764-a26c8e5c216d,4.066009987945177,7.582947530238063,-0.15331017558669488,-0.9791517095344799,0.2628837183399398,0.7538529794020511,-0.21274498479640472
ffa7e03a-4a3c-41f0-937a-4fb862fd2194,3.1440297850535543,7.033080582839416,-0.5208888617936528,-0.42110929882680104,0.2764680779819995,0.697411413856532,-0.4985093935161215
f89bbd17-c732-4847-b71c-a8627a702747,2.4528913008896067,8.716624532939424,-0.6023377085319259,-0.21666490326399135,0.28699663912091095,0.7300518318779051,-0.23093610497806982
264c0d45-078a-4207-a101-71f99bcd237e,2.8543934434842346,7.393078336116348,-0.4421731566626318,-0.3985218019119503,0.24919422952628797,0.7920162637413397,-0.4028277251996939
88832340-46ad-449c-8f81-6a8e5b495510,2.904562508960937,8.215625224756916,-0.18624816126086133,-0.3611917406532954,0.308160670437112,0.8682040479847601,0.42796437958050726
2dced66c-1f0d-4039-a5e5-54cca77c16e9,4.039730584657936,8.667673524174356,-0.4038927228554978,-0.942072155106819,0.28852112371849203,0.7408686803013211,-0.12002257942227101
a9cb21d1-4c4a-4f30-ad4d-c54bed26f187,3.6716457275689804,7.981614317877065,-0.5569212857656487,-0.052252074742045185,0.2803316086281502,0.7327479651616173,-0.045397106249320814
33e989b9-fac4-47d8-b429-269044ac772a,3.4361037644757446,5.8695990619409395,-0.13277321294623842,-1.0354661610563978,0.23274994406869173,0.7637517421664972,-0.7193300063612619
de287a25-981d-49f8-81af-fe0300e4cd31,5.064879308117562,7.2543079766369685,-0.12417926927763571,-0.5738783612427252,0.2614404939103152,0.7527982567963719,0.11222536780249322
01f493d4-229d-47a6-baa8-32a342c65d01,5.802324788368227,6.691996795062198,-0.4730863953657528,-0.5099003820646901,0.237001350936989,0.8444333456340819,-0.03803091047861636
64dcf1a5-c78c-4d3f-852c-15865b3b6189,3.9999264286877434,9.75205395987227,0.41548414786318255,-0.2398769348152836,0.22884058042726924,0.9996098599937102,1.1290720594578962
3470b1af-689f-467a-9f9e-de74088f9b94,4.1688546795711305,7.635859834914491,-0.29100048755752167,-0.6222871697829047,0.2597060015900847,0.7942003615611813,-0.06749404413147131
65ab030d-39f2-48ab-80ac-90cb1faa823a,3.354087254903866,8.995758659776806,-0.7250713442399539,0.2137405786154818,0.32402038192551064,0.6338560077098366,0.09368958286673701
c8d7eb0f-2502-4277-a8ef-435b08f3c863,5.0157699970064655,8.597605851916011,-0.3823572132967824,0.369757793025967,0.2782519096518129,0.7501951902374373,0.6172857986266004
81f6b141-2195-4091-9cd3-dfb022663949,2.944735500294388,6.836114768618005,-0.4796104295655365,-0.2213365087478394,0.2496773130949827,0.7917418795820369,-0.4068315394973085
abb0d53f-f74e-45dc-8fbb-40863016f3c6,3.921522109878357,8.20323687020489,-0.40848509385900605,-0.2661912428370705,0.2782485729982091,0.7356570944652681,0.035124334052917074
f2ef5afa-6191-43a1-a023-d53c0d985139,3.4065812218574805,6.433868505647031,-0.46723768771396607,-0.0017694366276530538,0.25475924574248354,0.7271084112609089,-0.36908123315373303
3d8fd9b2-9aa2-4c81-8843-535ae66d6140,6.499257820161132,9.918713692799766,-0.2655918431733566,-0.6911614778946755,0.2841132061215542,0.814122501618552,0.8080814798568378
cbe23011-93b7-4e9f-b934-bd0122f91f54,4.877630676602558,7.955149158502882,-0.12347256348541741,-0.8962222143045904,0.24784715507294686,0.8477246871918472,0.13362783214715532
86d18004-9478-4e46-83b4-4fbe445ccb70,4.440551018252972,7.167089403485274,-0.3343300684614724,-0.31252399098523886,0.28143230749657977,0.6907018932797132,-0.05060213523603261
567ddc8e-2b00-417d-a326-479cb02e08dd,4.422431135306862,7.3674336494815655,-0.136794945511492,-0.9853961313799631,0.30508331908198133,0.6525717525718071,-0.12233815634494072
fd16b634-2e04-44a3-862d-fb03cd73c057,2.4347083694081917,7.857559488093695,-0.6426890979714845,-0.17252978670711183,0.28836115463972567,0.6947791769924341,-0.42176592443710853
aee20b98-df51-4ead-86cc-0d5f60a74b90,3.999598437724193,7.801948161265896,-0.6263369501164431,-0.087760793511384,0.2669005918386019,0.7365327769201622,-0.1549320761605452
df228c56-89ac-4122-93b3-6c0740c4ec09,3.7139325425141623,8.271042270718127,-0.4129592640217683,-0.4995222260049226,0.2792174014702508,0.7488370047469212,-0.07059002537191846
f5c3bc61-1018-4351-bb23-aacc1459365f,3.8206559649457583,7.017581907223266,-0.19482110585615814,-0.14632025518636915,0.2527972756319106,0.7699720472292972,-0.0053125244398010765
60ad2c8a-6bbf-43fc-ae73-cc1f6d6c163c,3.9337012919308765,8.583902770936215,-0.3273231946415302,-0.9043294741026737,0.26550900101710423,0.8039764949943281,-0.08449633457008099
6e9e0c2f-2ddb-40f1-8e8c-618119e62ec1,4.078045821715588,7.605194350655756,-0.559382586919618,0.10821708653687878,0.2915444748014787,0.6724679617065045,-0.007473549514553664
05ff79c5-1127-4cac-8f4c-84089a3f2cde,2.794560104575548,5.917995528737843,-0.40963561034202184,-0.5578491352887172,0.25025616538325735,0.6985450765063513,-0.8387512933298282
df5ab6cc-6f68-4b6b-95e2-954c6b57ba9c,3.9231129095735775,8.535855581418906,-0.03371369007411577,-0.27322820571469153,0.26044922068461995,0.8278364691271792,0.4405488039719702
62d39be5-f029-4eb8-8b00-46470e06a755,4.525295870945252,6.894890941984903,-0.2719161568205696,-0.9302671966731126,0.264720117100863,0.7130727775657286,-0.36488840580466314
ef4bb5bf-4535-4bd1-8a74-aba920123ee2,3.2811677086685287,9.185360738293419,-0.821305369578758,0.4416692265905038,0.3022393287942996,0.699347186401991,0.13938416423455743
84e34cf2-b3bb-4a1a-8fb7-6c2c604c4008,3.5104434459637237,10.20727869787447,-0.4938198851998707,-0.5853902645887028,0.3666174993993198,0.6120178765221826,0.29925791385664774
c658f35d-ceeb-4189-8e3d-03e3b9706667,2.9406218846192087,10.247502749797095,-0.7990698095393366,0.3045270854566664,0.33084216591351867,0.6749612368901559,0.29853352963511653
0a94eecf-4db2-4846-8383-c83ff02e4a9f,3.039236936394825,8.673763598240086,-0.38913582745102343,-0.6587477252121587,0.26551288998058176,0.808285975293747,-0.15016046487770748
f1e6ce83-b4a0-4643-8e8e-a1ef8a158a27,3.978966553681161,8.362197986455788,-0.43042968463507636,-0.22574230472063883,0.3363714513482028,0.6164046429928639,0.17559073958778645
74a0264d-1d31-430d-9a88-e7334c8aa96c,6.296069353370689,8.754686090968917,-0.0864895022214049,-0.8805131143902618,0.2723595197526906,0.83652319049527,0.6411341630175511
e76258b7-e13a-4b05-855b-d792701ffba1,3.0604622358983096,8.798996020895535,0.06638640732173978,-0.4230660172930456,0.24544300921957274,0.8866064902839471,0.3637738731938986
ae6b315f-3f78-4695-adfa-48b0bbab2c89,4.680515341465339,8.278361618799483,-0.30370507721218304,-0.6575421709335925,0.26156561318525356,0.7875258292275246,0.07798760970019473
5498d5ef-ad24-4034-9750-7c996c5355e1,3.3885882169930044,7.306322334122123,-0.27039386310936564,-0.6246506142295334,0.2679159974809448,0.7531026231692354,-0.26297940229683897
02f9668c-71e6-485f-88b1-b37dc8bdd2ab,2.7661924579056936,8.15959333308296,-0.4273870015076888,-0.44891876756967797,0.2519764369830964,0.816747637415929,-0.26138620909636967
c8de215d-53a4-4e6c-be58-5887a8094815,3.9055210852056415,7.069343630117604,-0.3564351390314494,-0.42705069866016565,0.2548937238991015,0.7504142785135628,-0.26340634466147955
fac2c617-8149-45bb-b766-fbe13dc3c425,4.475711234537636,7.63600621469123,-0.4467082061439591,-0.022998860875730998,0.28545570044831486,0.7009491812153479,0.11034438757092874
3a785e32-7960-4c72-84c4-fb42c4dd86f1,4.659049588367963,7.270730712974726,-0.17935922051359626,-0.530321806104955,0.2587708368052326,0.7416791272196092,-0.014552567652552981
9c34830b-4d7f-4b41-9659-fbfc36c145c9,3.9865248975604515,8.691070963007387,-0.09229295632598009,-0.4478600240196382,0.2456390964231352,0.869633073089026,0.34198130988154746
315ef7f6-ca21-4d87-8f19-40bd455885ec,5.333455966878719,6.439353940230238,-0.287908687241987,-0.61716476756611,0.24001490044642107,0.7436865530168087,-0.24130047400665836
a782f174-241d-42c6-9bc4-61cc39f8b397,3.0140844134086655,8.981357687103012,-0.2591047803700272,-0.3795007403687132,0.263931631266122,0.835838100235754,0.16048572692931762
21bdad0d-c6a2-428c-b2b4-0de282b34abc,3.9564515891250904,7.511191265811682,-0.664482587397581,0.010806715075537987,0.2590124486052477,0.770408830074353,-0.16464441758652074
a54b322b-80d3-435c-8d14-25841b741f6c,4.881215864596677,7.044254578570074,-0.3668560098243518,-0.43778221072486145,0.27068743047318794,0.7414971115399627,-0.03775995485735986
bab21810-f51b-421e-a87f-1f1136cbc77a,3.878177014094208,7.689546231019887,-0.36255622334335,-0.7366104218831846,0.26209494085207496,0.7584895148346326,-0.2738301701758666
2b94070a-21ec-457b-88af-3d2a89b97ac6,3.406564983121304,7.6281866372864116,-0.6177119555603775,-0.07169345242876446,0.27982944538768817,0.703114520690579,-0.2551447912784735
28033279-cc74-4775-afdf-2497f6ddb55c,5.997076024409678,8.179403293929933,-0.0829008565954987,-0.7092927187329185,0.27218564329504336,0.759196351395713,0.440718489274508
79d33c28-a7e2-4fca-8be1-a16fb6d68d49,2.8123034269482567,8.459672436056287,-0.07418971895138157,-0.48186978295680083,0.24506395091225044,0.8547922585328426,0.07604550522654939
19d1a5fc-3ce9-4e43-a364-a4150bcf911b,4.112390784988299,7.93808392164546,-0.48840941043264496,-0.457961754375972,0.27433426309731557,0.7062820502516008,-0.19887974317165846
fa96d094-0165-401c-8fd5-6d1ee4ef3994,3.978911719931198,7.757165498384361,-0.4469149223316911,-0.2555687678189589,0.3364794937485236,0.5908463946540441,0.01789826811075897
7d8eab0a-e6c8-4449-9ebf-50c41db94a06,4.179849033733137,9.506612911040321,-0.34787156216515097,-0.7000203763927777,0.26983323083891875,0.8102593845449703,0.1982642237805027
a9e4b6db-8b4b-4345-a4a1-d63175eb0174,2.989252893333629,8.025127797718755,-0.9245639858705308,1.1360926702731629,0.2650532058179017,0.7955996694696768,0.14610505278895858
192da41f-f0a5-494e-8eb9-96bcdae56ff8,3.167131369885179,7.013099420795024,-0.45545857267564177,-0.5142962992357281,0.2659652913293183,0.7327546680211863,-0.4824266388752417
cc53bf9e-5e27-4305-a08b-552120c10aa5,3.250614298708007,7.385084045409157,-0.3048779144798704,-0.5532588308969841,0.23542359963453752,0.8899833707102394,-0.19052300675693065
6f2b5a14-569c-4084-8c67-b1a44d787897,4.228905395075906,9.897318669448396,-0.2681441591121265,-0.6257992390350422,0.3280194866711484,0.691523146571317,0.4632109982557846
0dc41cd5-0672-407c-9b4a-0f5f3970aa54,4.528937958615023,7.007654386339132,-0.23335161403927032,-0.7079089500803186,0.23630968375777742,0.8070137613466831,-0.1989010111670404
fce1fd5a-54d2-4260-b187-4eb7035e96e9,3.62901913511249,8.442443764445223,-0.37510083035797626,-0.7614705707200464,0.27421777886751647,0.7849693907005915,-0.1121687950399864
fdffda5f-72b2-4153-b7f1-d7043b7ca898,5.476099156175121,7.0751129995374145,-0.2649596239290047,-0.534870895040549,0.26658476093215244,0.7162104537680568,0.026662974892258162
286cbae3-8324-43b7-9b20-0f40dda1588e,4.146903612857057,8.01845147062013,-0.2360677065740829,-0.8437750645370454,0.24780069666384186,0.8411671491916815,-0.057519389521844634
64b0461f-038d-4712-948e-818dc2f10eef,6.624882877143245,8.6957660159926,0.0011683380424379211,-0.9081287009817216,0.25296831381339235,0.8493910299105376,0.6544947058323431
14cc6f5b-5692-471e-98b4-ae200b3d8fed,3.9824092628101404,6.608991218654834,-0.44701237096731816,-0.058356671175650465,0.26714676336600673,0.6657297027413165,-0.3062203965748144
56d5b0b9-9093-4286-a2c6-7faa9a1680f5,4.52027429079347,9.230640582552738,-0.25100915740338514,-0.7488301646906264,0.27664302592699613,0.8081664750018513,0.30672505115190835
97f6c8d3-09a0-4128-8f10-41e736648a5f,4.976565793879736,11.182586308504128,-0.42842080449588005,-0.570066013721318,0.3282992646416783,0.7345410077560011,0.7535407537287441
5342e2e8-1465-4f7b-9450-ef27280f80c7,2.532141047817904,6.371201804048893,-0.47448318751627155,-0.2231767491494825,0.24691555424843412,0.7186062386559834,-0.6975292120773579
ca22edd4-eb7c-4677-84aa-6f0354459a19,2.6609557148915157,11.348364531365663,-0.8595657299311606,0.2360967850404725,0.338227339728258,0.7439716308314215,0.5011323557684215
85bdc1ac-a1a4-46c2-bc2d-e5fabf5c89e9,4.0299306016487275,7.758382717663145,-0.3817819344928458,-0.5179041117966818,0.3434156721081603,0.5804983736283502,-0.024153432019532906
955464c8-9c62-430c-87b8-107db5c980a8,5.366825994302793,7.457536928337865,-0.169493629992583,-0.49182853212143973,0.26447596078850416,0.7106344399067314,0.12889576930918806
515a062e-f68e-4100-a923-bd2ce0bbe071,3.7759412625654827,9.910226370933131,-0.4095153388862443,-0.5743874936761117,0.33498126037551135,0.662158607027029,0.2864487819475999
4ad9784e-1edc-4186-9b45-4dfe0003f74b,5.048970207368469,7.750291217032871,-0.36873352057257774,-0.44619140143835034,0.2475371318218544,0.8160063781359517,0.09115777821255465
15b987ba-77ab-477b-a54a-65ec5c7c399e,3.1233244000902194,7.245391600478764,-0.5787280724206154,-0.11677041938411348,0.2758753218501009,0.7213346112719483,-0.33329801436756507
4be66108-e72a-406b-bb4b-f58ff2877336,4.678835495034955,7.292668379801969,-0.32798598514846466,-0.5714383382505623,0.3087130944838107,0.654092944409236,-0.019172801561484782
85a57cfe-f1c9-44d9-8b50-022c0d3438d1,4.636059691682621,6.054030671596926,-0.11740370824125607,-0.9367149918774582,0.20842812523423743,0.850620957728094,-0.4044179822404678
2c9996bb-af6e-4424-881a-e81b9c9aeb78,3.245598728659609,6.79152322255617,-0.40010803240216464,-0.5617930923349239,0.2606418824036496,0.7282166513472679,-0.5188868850123943
db246424-3979-4f23-b316-8d30c449ee15,3.514478851852025,7.00140229695908,-0.20399074568342052,-0.5466428407813471,0.24077756628260497,0.7858775593538763,-0.29115457913565196
41658cf8-0de1-4a97-bb60-0f0107c84e00,2.161454683538655,7.1296861072627316,-0.5116704427907314,-0.5598031076726784,0.25307230974211387,0.7639979859059368,-0.7165419886027217
35620be9-3ba5-4be7-9e00-83103e6a92e6,4.2247559537371995,6.270722053169496,-0.26575650035840837,-0.7960554118369885,0.2589478142612813,0.6821365370501348,-0.5286304806259844
857a5889-19e7-4208-8362-f1377c408037,3.794591347196956,6.237993280760202,-0.21229464535033324,-0.7130695734763219,0.23801242689761667,0.7769048926371069,-0.4634243180652231
81a7184e-f9f5-4e3f-9603-5f5642386c1e,4.654819017735269,8.730977964293785,-0.3351082228934536,-0.7086188560704225,0.31141412527576867,0.6718970219605418,0.15260439181438487
0c53b010-4243-4da3-a059-7f54c9a850ec,3.9440492529208804,9.617294947254662,0.6269947856726837,0.2659521053841263,0.22847060795659122,1.0400692873380841,1.5745810158954052
1a09207e-9184-4f32-bd07-a9f4dc6c825d,4.1383474168837955,7.828199771079153,-0.3016601446050972,-0.4240105008295738,0.2463476276169016,0.8189976119964689,0.006803994157844384
e831369c-78c0-4c75-9cf3-f46ed669312e,5.488530876432001,8.701329092356408,-0.48780270400057,-0.23521756908196512,0.279601231799127,0.7612395564809622,0.38153748649475866
5eed7e8a-c219-4497-a99f-bfc48faca4d8,4.334843029640634,7.5847183566270395,-0.374715632650141,-0.5202211137373749,0.2546149813650943,0.7951562150927011,-0.0910839845018351
c83d38fc-e011-4f75-a100-96513611f3e9,3.199479228290245,7.39697125914291,-0.49861587871974383,-0.4634851321700415,0.2802557254275485,0.6969947843904726,-0.42110168571782763
64bd568d-0509-48fe-8d0a-aef2a85d5c57,3.593872869931432,7.81837335308057,-0.2593229923689144,-0.8218263985959404,0.27066932794510884,0.7486524163020326,-0.23424493320827552
fa83dfb5-7386-4a35-9861-aa866478d5f1,3.1798763594690995,8.04807281821996,-0.5090218239370358,-0.040010918132986184,0.2675048577530775,0.7624774799186815,-0.09497203771373253
127f738d-afa1-42f6-a9a0-f33806667b84,4.82899544928056,7.4511964514156,-0.3065198492736907,-0.4364519249454464,0.2578662436332006,0.7579431276722174,0.01166876906495506
77a44132-af22-4115-9fa2-78f2f74bf687,3.8582601184150755,7.022970050558012,-0.5195904688196951,-0.11236004795215848,0.26556192022668906,0.6849649788922311,-0.32344534698175526
0712566e-3371-4715-95f1-5b792e72d758,2.626726167682566,7.462528650151641,-0.5535883942798736,-0.3044052741365624,0.28103884323962836,0.7203013024019526,-0.4277727376082658
a94e1279-a975-480a-93e9-7b1ff05cbcbf,4.066389203710172,7.47269592745475,-0.35528697831161765,-0.5267795701396869,0.25961351006815886,0.786366485124447,-0.12797406776001136
51dcbfac-6f04-4364-877d-0bf1bd566335,3.0667322579395737,7.039547068896684,-0.5518251762230681,0.17558358728960233,0.27141345988337073,0.69783060855705,-0.2878107269114307
ea923671-3903-4a79-830d-e7e4b1eabab0,2.55924448643212,8.57539858412012,-0.4993509175104304,-0.34097976834224886,0.25184729980841597,0.8504899062271052,-0.17993057725746087
3eb37b12-b8b4-40a3-bd8b-f89fc39c05fa,3.9580825490794966,8.092357094500338,-0.08309719208022635,-0.5250304900364755,0.24869006440081773,0.847389415026121,0.20198237088599588
9d8c4693-8e36-473b-bb34-a7cdc04dd223,3.615879834566242,7.880161161474005,-0.22987234384158656,-0.7403830900242045,0.2551266667808935,0.7885916771436361,-0.17483825970859812
4563e4e0-a661-46de-ad25-9c86a621e147,6.279509139090388,10.06699505008065,-0.08461987120668811,-1.0274309206104741,0.27808305380160286,0.8039173962408329,0.7178047555899436
dc22eba5-6fb7-4875-b30a-99fa00758301,3.1780718163833663,7.955590448337879,-0.7014724525912409,-0.0162873272003754,0.2662903904332143,0.7432076228377266,-0.28914814107387715
01240896-3f3f-4bf9-9799-55c87bfacf36,3.7905641969051938,7.531147906865298,-0.2792266506205992,-0.6292155867797535,0.2518260356486394,0.7928159764190965,-0.18952971622312229
14c13b05-abfe-472e-83a9-b28f60e58ad8,4.280622086151754,8.086252838932424,-0.364024292567927,-0.8134780280375704,0.2661244105624605,0.7885430147053909,-0.10527770655462047
c46971a1-cbac-425d-bac2-f4142c92522e,5.054645699482031,9.11386205179491,-0.20494037292949438,-0.7270487877266301,0.2940736077078042,0.7454753701767068,0.4063715036471755
a123dc45-e427-461e-8d60-c51307aa498c,2.842418420409113,8.088111368703736,-0.5060655928516489,-0.09496777502236542,0.2681998290871517,0.7534553206568506,-0.18397761021582362
733d8b6a-ca9d-4a69-8c9c-1f88733e8b68,3.0660065635944114,5.563529309885763,-0.3830728715237121,-0.27502906188539944,0.24048769255630137,0.7222110503106113,-0.7000903385395828
44c2854e-3f8c-48e1-b4d5-1b5778d4fce4,4.213979135776561,7.838812490157402,-0.3360180225472919,-0.9191501724181586,0.26097029936389815,0.7807116641727038,-0.2232494525532838
2a7bbafe-d499-4241-ba3d-a52ba0a5db3c,2.771132696735671,6.958231674403319,-0.36599842498404295,-0.7828979248747121,0.2395733783694232,0.810383256273168,-0.6153692038426386
eeb42912-0c7a-46bb-bd95-369b2b425727,2.479402720521018,9.873142892157915,-0.1945040182803105,-0.171466467072261,0.2635573528702413,0.8415985187098306,0.3440099685758275
d17a2ab0-faef-40de-a87d-1291868b200d,4.7960456111303005,6.729091475726484,-0.29151559356399476,-0.5538246194577439,0.2528499776502378,0.7330542899925765,-0.21268268020808756
e703af88-c05f-4d7b-b225-d640e4d1a2a5,4.886900051170569,7.747539271312452,-0.22952978685689746,-0.6997999269465311,0.2524497895622535,0.7900584341232119,0.030121684245664655
0f008098-d8aa-46dc-8445-cca59838c582,4.511341654986775,7.029827564203396,0.010597452536363941,0.09506399285444589,0.2383821745259951,0.8060850280917607,0.3689399227602819
d7ba64d7-b4e5-488d-9f28-bcb7bf3c0f35,3.8155622611031603,6.149949459844564,-0.2896804157596496,-0.5978840303361443,0.270628353877933,0.6614358481386869,-0.5133540492394064
5da56982-6de7-4994-aa9e-3b01200b2959,4.4275484574314286,9.325305866529392,-0.7315235741079799,0.7089699471160515,0.3736273272956774,0.5987671635689764,0.768368576068328
cc15469c-7bad-4e86-9da3-ae0c72e9d380,5.40330117044659,7.867237404611717,-0.18315297759075289,-0.6367528406813272,0.2993062387066772,0.6521002446317922,0.2027486867989139
33522271-b2ca-4da4-a942-501ab9117c51,5.006198951549954,5.224725452196566,-0.3032804170390376,-0.4084189048706417,0.23860004282626385,0.7022124121703175,-0.4661927249873339
01ad5016-f691-4bca-82a0-910429d8d25b,2.964412993107352,7.895457154754439,-0.7037922379050628,0.1254422212377313,0.30244142166898563,0.6972478945030319,-0.14741857831845678
b3c267aa-345d-40d8-a8da-f9f08c64f9c7,3.446763668889986,8.39329343737065,0.028515909587482482,-0.30261099760715826,0.23619524686319393,0.8926356030406637,0.35906583886479954
88e64f45-adc4-4223-9838-4d7d45b8f0c0,3.074906276743303,8.159626200159734,-0.3142849394209354,-0.49843349367309875,0.26424274254750035,0.7890395873460418,-0.1275214491770066
f88c0259-58ff-4bcc-a777-7705cdbd8213,3.370239048389545,9.76127778412002,-0.32072324027070426,-0.16154792518793082,0.26674507289305793,0.8570234038701768,0.4382291963423552
381cf7f3-cd7b-4660-8175-ff8062f7bf78,4.876514321233174,7.994377457242651,-0.32971325443468963,-0.7265806583174474,0.2982476733520277,0.6971243017424196,0.05924703464579815
e8841edf-e070-425b-b4d4-bbb2115f9dbd,2.394981797675699,7.757767334461585,-0.5148635456443587,-0.7088583554756007,0.2721624464929708,0.7677139362711751,-0.5434799737569755
dd4be58e-da22-4bcd-bf4c-2b9e60ffda19,4.1121717493848555,8.214412611453964,-0.15527495664062743,-0.8935073994314107,0.27822014227422837,0.7446184622218807,-0.009558725013338593
73a142e1-8ac2-4cfe-b8cf-7e9dea64f488,3.9769218582824704,9.36956252189147,-0.37344963964360267,-0.7013038556076161,0.3409655775838198,0.6362970872920858,0.20109990471220526
091e3084-04ee-4497-893c-d46226dec78f,3.074306568297111,7.515643974823889,-0.3754139413330139,-0.7430673274694226,0.27259692436860716,0.7274074140319156,-0.44654436426509697
1e0789d6-7efb-4807-8d36-cd9224675a0c,4.973761667474176,8.339701844677816,-0.2423595868163808,-0.6333382662095888,0.26323969423024696,0.794185042439272,0.21736200720383833
c48e2ce0-3806-4675-92f3-d38ff67c5efa,3.974826501418992,7.992236077521255,-0.28417137062747677,-0.9184126790394629,0.30865081296237207,0.641301341342619,-0.19751003482661852
bf69a4ce-ec7e-4752-a86d-dcc80e3c9a57,3.2368204711466686,7.579191686116156,-0.26667152068439876,-0.7289550776482452,0.24964839556013987,0.7819210859580722,-0.34834124069817346
b718134c-5231-4f29-a423-7bad17c93fc5,3.588883308924004,7.4906035408645035,-0.6946673640240826,0.5395568206735812,0.30351311473433346,0.654356897644546,0.024406654108539705
3e0c34cb-fca5-4bcf-a5c1-5a7d286dd072,5.218005701526649,7.192124591944746,-0.15299698136098674,-0.9918107883651777,0.24322274231503133,0.7826455261504291,-0.13368472978170323
563d67a1-f1ba-4722-aa2d-9b35b1689468,4.328219113013265,8.410831936022499,-0.32737782338459354,-0.6312273417539891,0.30592649726225457,0.6653520411624371,0.050174329842769816
13ae9d83-a22f-451f-88bb-686051725cf3,3.9709725314559163,9.216091737723243,-0.2870940389349671,-0.3569418995540863,0.2644951278034443,0.8407424351173598,0.35726022395616014
f6c674bf-396d-4bfe-8d08-e7266c314be3,3.864801505797704,8.407820678047097,-0.6907533912051371,0.6979334617104742,0.28704339643809085,0.7133648731149036,0.290459151077751
0a815133-0edd-4422-89f2-2f067b6f2156,4.487921276975024,7.304974423853559,-0.2358722465218234,-0.7092890790998418,0.28061701581450194,0.6920771166842762,-0.13409504296648483
9d68516e-7e5c-403e-8aca-ea1abe0d6014,4.155178256647919,7.436279272336879,-0.18787265010990992,-0.6567053875529547,0.25947644980315665,0.7529509868495255,-0.11663146150822357
d4da3298-3a02-44a6-bdcd-d260f38e520b,4.387605481698936,6.908281464255202,-0.32132928734020394,-0.5080486558087398,0.32937707700589974,0.5816593602660746,-0.10737580468169543
9382987c-b5b3-48fe-8194-4d83fe340cd0,2.628965508350716,8.463910190433353,-0.22441174453540833,-0.26254472579857113,0.24345624249696524,0.8986183654194423,0.1089757154646883
67ba29e7-f294-4dcd-9630-ad768c22c588,4.735929099842607,7.250372264583263,-0.26236636221092724,-0.44755127098801895,0.2723861752236317,0.7092247599830688,-0.013185240381312377
13eff2e5-e33a-485f-9ba4-8a7ccb3c7528,4.625129493956146,8.562429841812834,-0.391915745024368,-0.3695689438737775,0.34367345327460647,0.5967330901008728,0.27991853261429994
c1e141af-bdd1-4176-8c0e-cf1ab0c1d9d3,4.376781819115174,8.039317578380881,-0.3666665720998363,-0.9283191860102828,0.2567716701028279,0.8105414039680401,-0.16199963954563654
aedde4a5-6520-40b9-9721-c9b826490b7a,5.897863454578947,8.293932344744652,0.14091097569325253,-0.5112822991017367,0.2663449857396488,0.808482865672716,0.7647381582954565
10628a61-bd5e-4415-af97-631c5ca320cb,3.375216219320856,8.697827445848633,-0.3172006796219023,-0.7350815576764118,0.27153778595942585,0.7847560133512502,-0.0808576168517728
d7ebd11a-1339-4b28-be90-a788d2cfa706,2.9931354234282206,7.99225118165761,-0.4795389195760477,-0.5693216463686226,0.2760767609787312,0.7567735562635503,-0.3169945530997034
e8e80df9-e3ba-4dec-b8fc-a5e80d8c6798,5.007810626533536,8.772244552674515,-0.09852912646964897,-0.9380437836861808,0.2722527123094247,0.7733732137567015,0.26262741170720255
2e386e48-b99b-4806-a3e3-081d72a606e7,2.8330641996263375,8.408389820945498,-0.5711585959112404,-0.5424279961514218,0.28631347908810795,0.7435355286587197,-0.31164362523516637
81e7cca8-2d71-4446-9692-872c2fe68d0a,5.583922804829273,9.104340167269703,0.05292099295814412,-0.40936198083279995,0.2343234243580517,0.963808769172104,0.9180901075197903
9f45a227-1fd5-478c-a194-4a5c61b68cc3,4.103142460127257,8.066545977942791,-0.38323558471413655,-0.5716692068442208,0.2677308163442403,0.766262985394052,-0.07571834975472769
af3a0634-4292-45bd-b948-6b6bd2d58090,3.45847695714982,9.387744667616008,-0.2647299559529186,-0.7283543255489224,0.30495531696292016,0.7423222956223499,0.18278287504681925
a72dd578-3a6f-4807-a843-4a942500944e,3.8427874815445184,6.30969653500694,-0.002021241932918993,-0.7375250243891589,0.22269986594004829,0.8422664788114176,-0.2572984285796444
6775ce57-b4cf-425c-a898-061bb9a8a1a8,4.423146252563434,9.18069271466916,-0.27811363434123954,-0.8895944937552391,0.2795738752768261,0.7427131450194768,0.08561909071872313
dbbee8f5-d83d-4195-85cf-f89d327da0a9,3.8040371163244044,8.17504544575364,-0.11784840109276619,-0.777339104572119,0.24156290023710075,0.8630376471757061,0.032576734324754796
0dacc5ce-498f-4c60-9f78-7a013ffaa9ce,3.507582385466006,7.666441464509658,-0.2943779339034162,-0.2942775940745035,0.23881689287883687,0.8504922881178096,-0.039202639910139614
022f39e9-57ee-4b2b-8b3a-8929e3d69a37,4.633900528958653,7.483749834384206,-0.28038332693398504,-0.7274287054001398,0.2743690146455496,0.7003501838768771,-0.1480844882208291
303286c2-bc58-4bbb-9171-74cdb1d7f62f,4.630119147070812,8.349606174040971,-0.3994796462061195,0.03839285301204942,0.35195533615481556,0.5718354108915007,0.43449292556831653
cbdabbcd-d8f1-4d7c-9e18-ebd83d888c51,4.611576426970903,7.074815045173221,-0.18116548113454312,-0.29641222902185715,0.24550978074608043,0.8185899502137565,0.1314141501304523
75ea63a9-357b-4566-bd78-eaa67809decd,4.670497721939029,7.9175180751133984,-0.22615460465808518,-0.6200115236200205,0.2853630411880276,0.7211747282263203,0.11366615896243408
2db3c23d-c591-4ea0-b0a8-ed9c4343c80e,4.517488125406923,8.365393303937928,-0.09640548546326919,-0.5974874698992658,0.2535959333179453,0.8242833488254343,0.27373864718456203
2900eadd-7e27-4371-94e5-7d58cdff0138,2.831303646599626,8.514193409583438,-0.5179139341844775,-0.4175385043049866,0.25386950044164774,0.8317857059788238,-0.21637733343544283
89a6384e-1cea-440b-9f17-d57cb0805174,3.1682890298434003,10.419342750642649,-0.7431239335414598,-0.02688409661505009,0.3147056149048221,0.7744864653840728,0.3516048467574924
09942e9f-c178-44bc-9cd9-f5bfa350b23f,3.9241726950578077,6.887021634691072,-0.43283702912093197,-0.4009419136062866,0.2687190573085346,0.7175696120082311,-0.3144216702742679
5a195baa-2d05-4273-a7c4-64cc816b0406,3.505973993434698,6.472343903237691,-0.504305688581154,-0.30679730973308894,0.251553507965601,0.7536311532915179,-0.4827135865885395
9b2c325c-1f03-43c7-ad5c-b49c6d205635,4.427796188800122,9.368913090063728,-0.032725825078655645,-0.790431849314531,0.27612664670284176,0.8105920844868568,0.4589680499672899
abe658e0-33f9-4f57-849b-dec4d20964d6,3.065741227306058,9.804876156574718,-0.2100717067156176,-0.22403065332651417,0.26198030317831306,0.8814958428487542,0.4681540180926595
9dcb4e16-b582-4cd0-87cf-04f480ec2cec,7.905477917574653,11.195276018858474,-0.5571136210552632,0.5502519300203321,0.36334912358420257,0.6814733255759019,1.7757875619376051
1b0b0533-7c4f-4edd-a75e-8b56f49d54ab,3.922618573273312,8.817147088580713,-0.5201491659708539,-0.02957606851322314,0.3289641444019865,0.6597476343951246,0.2911918957005274
5b259d18-3976-4f44-967f-fe5fa8447c8b,3.887351245707688,6.766436297081332,-0.4948041526220497,-0.12700100434236594,0.27122576781525254,0.7153032183061669,-0.24742629906132332
605baa86-79e3-484d-82d2-4de27d405ba1,6.76379698619773,8.415373468887433,0.0493543315691103,0.1686075501834785,0.24239854191518728,0.8845408117432865,1.1818069438416032
bfb07784-693b-4c25-874e-4ad6e04a5d46,3.9137585934919477,6.628552730981184,-0.2764520754635891,-0.49396987287158955,0.25814620771894353,0.7106316812979506,-0.3505246452231892
81555ac5-9cc2-49ae-9033-657f56243f20,4.628507412969476,8.376780527234308,-0.3142423140511628,-0.6667921548583307,0.27253760551204287,0.7775388852290204,0.11506044459128976
300fff5a-0f61-402d-b845-3938ba7b1294,3.422690226256985,8.069458575503972,-0.45983699654029847,-0.329279567723479,0.3193126633917597,0.6245964391627481,-0.11345964291856725
e4be17c8-0855-432c-bb80-28bb24b62f32,3.504475491863502,7.961015130104098,-0.43152092807852827,-0.562670522858657,0.2874931126633266,0.7095907047599459,-0.22010983241225915
b16bb717-d1cf-4237-a554-43f3995b82f2,3.481674672083855,7.512266541174115,-0.42564851535342363,-0.700842077155472,0.26776835030301793,0.7436671831137851,-0.3928053566424336
490eabca-4575-4bd6-9604-6b6e23d069ce,3.2071491158929613,8.502516950463953,-0.4670679757641038,-0.5372955334993188,0.30475785715320786,0.6961786812973783,-0.1379838106874716
68801d41-535f-4b38-989b-ef4fe5f00039,3.7129254941560506,8.853161360629874,-0.3993656425210004,-0.41794742130425044,0.267925576583373,0.7491438885121229,-0.01039042664727107
c82bbe23-0264-45a7-b1a6-82b4654108c8,3.496759507738236,7.8332852387770915,-0.40330468944552744,-0.42025365603114295,0.26845340414463903,0.7658275193424346,-0.15247823257935997
d2c99bed-3446-4d12-99e0-00611faa37dc,5.78550331392939,7.844750601919737,-0.13083584147173832,-0.8757372420623919,0.2785807862460968,0.7487421936151019,0.26315587496174414
1add38c2-df6f-47c9-9373-0bec0e40baf8,4.96380056318767,6.669413390761967,-0.2576751736867669,-0.5405588198377096,0.25437523515361005,0.7380397225512858,-0.14125668802045846
ec3f3f11-75df-4fcc-ba03-f19aca907645,2.5808601262572948,9.037772685998176,0.07416744128434832,-0.3864662894782458,0.2335690126736321,0.9322356458113004,0.3570964167523571
