patient_id,fitted_T_ext,attractor_proximity,bifurcation_score,physics_score,in_tipping_zone,n_attractors,is_bistable,epi_dist,mes_dist,phase_portrait_angle,current_state,current_state_encoded,cdh1_vim_ratio,snai1_expression,hif1a_expression,tgfb1_expression,zeb1_mir200b_ratio,emt_tf_activity,epith_program,em_balance,epithelial_integrity,tgf_hypoxia_loop,snai1_zeb1_motif,tgfb_emt_tf_axis,cdh1_mir200b_motif,emt_switch_index,tgf_hypoxia_synergy,tgfb_snai1_axis,vim_expression,mir200b_expression
01ad5016-f691-4bca-82a0-910429d8d25b,0.6171,0.60613,1.0,0.80307,False,1,False,0.39387,0.60613,0.99456,mesenchymal,1,1.2151,6.8804,10.7479,9.4682,2.5994,7.1934,8.3878,0.0971,0.4912,35.2402,51.6472,68.1089,40.1045,0.938,101.7636,65.1452,11.4295,2.8877
e703af88-c05f-4d7b-b225-d640e4d1a2a5,0.7503,0.65969,1.0,0.82985,False,1,False,0.34031,0.65969,1.09455,mesenchymal,1,1.1169,9.263,12.3287,10.0013,6.0767,8.8473,7.8857,0.0552,0.4484,88.8653,78.1017,88.4844,19.9581,1.088,123.3029,92.642,12.879,1.3875
2b94070a-21ec-457b-88af-3d2a89b97ac6,0.8023,0.59256,1.0,0.79628,False,1,False,0.40744,0.59256,0.96844,mesenchymal,1,1.151,5.9308,11.5969,10.2094,2.0501,7.3636,9.3928,0.0702,0.496,27.5936,52.1695,75.1774,62.1936,0.8992,118.3973,60.5498,12.5932,4.2908
d4da3298-3a02-44a6-bdcd-d260f38e520b,0.5156,0.54695,0.92042,0.73369,False,1,False,0.45305,0.54695,0.87903,mesenchymal,1,1.4533,5.851,11.1746,9.0624,1.5424,6.2957,9.2304,0.1848,0.5281,23.1733,39.4381,57.0543,61.5772,0.752,101.2693,53.0246,9.6957,4.3701
5da56982-6de7-4994-aa9e-3b01200b2959,0.6504,0.59064,1.0,0.79532,False,1,False,0.40936,0.59064,0.96474,mesenchymal,1,1.2878,5.4004,11.7492,9.6018,3.2283,6.3281,8.1874,0.1258,0.5275,50.1937,39.1839,60.7606,31.7518,0.8401,112.8127,51.8534,10.9705,2.2475
80809d79-92e1-4d6c-ba2e-0a9589997792,1.0959,0.60808,1.0,0.80404,False,1,False,0.39192,0.60808,0.99829,mesenchymal,1,1.1561,7.4174,10.5852,11.3837,2.2608,7.8055,9.0859,0.0724,0.4824,33.2493,60.7748,88.8554,52.7225,0.9804,120.4987,84.4381,12.5838,3.6241
19089ae0-b590-4649-9d94-a147fa506e32,0.8972,0.67609,1.0,0.83805,False,1,False,0.32391,0.67609,1.12402,mesenchymal,1,1.0943,8.9942,12.433,10.5889,8.0092,9.8985,7.91,0.045,0.4223,97.6083,97.1618,104.8142,19.5186,1.1688,131.6527,95.2394,13.2242,1.3488
e7af286b-3dec-4cf2-8fbd-fa64b3efdf7f,0.9158,0.65263,1.0,0.82631,False,1,False,0.34737,0.65263,1.08167,mesenchymal,1,1.0463,8.7163,10.8252,10.6633,3.182,9.6237,8.7126,0.0226,0.4231,34.8781,91.7917,102.6202,46.7166,1.1588,115.4323,92.9444,13.4905,3.3096
68801d41-535f-4b38-989b-ef4fe5f00039,1.219,0.65862,1.0,0.82931,False,1,False,0.34138,0.65862,1.0926,mesenchymal,1,1.2081,7.967,12.7416,11.8759,859432613.2836,8.2806,7.5171,0.0943,0.4758,15131737738.3518,68.4706,98.3399,0.0,1.0443,151.3174,94.6146,12.4442,0.0
192da41f-f0a5-494e-8eb9-96bcdae56ff8,0.7325,0.60389,1.0,0.80195,False,1,False,0.39611,0.60389,0.99027,mesenchymal,1,1.2204,7.4425,10.8868,9.9299,2.2504,7.7666,8.9248,0.0993,0.4785,30.0686,60.2147,77.1218,51.2482,0.947,108.105,73.9034,11.6796,3.5953
cac80259-3a26-4a99-b0d3-13454068e6ed,1.0668,0.64637,1.0,0.82319,False,1,False,0.35363,0.64637,1.07018,mesenchymal,1,1.0784,8.7603,11.5011,11.267,3.3164,8.5305,8.1842,0.0377,0.4483,51.7721,72.7169,96.1134,34.7048,1.0735,129.5832,98.7018,12.8576,2.503
d259eeb2-d15e-436d-9d37-2d0b7658bc91,1.2455,0.65553,1.0,0.82777,False,1,False,0.34447,0.65553,1.08697,mesenchymal,1,0.9634,8.4142,12.0218,11.9819,2.821,9.7505,8.9136,-0.0186,0.4161,36.6514,93.2871,116.8302,54.6171,1.1366,144.0444,100.8182,14.4244,3.9301
733d8b6a-ca9d-4a69-8c9c-1f88733e8b68,0.7689,0.62407,1.0,0.81203,False,1,False,0.37593,0.62407,1.02862,mesenchymal,1,1.2067,7.1568,11.4999,10.0755,4.1535,7.6725,8.2463,0.0937,0.4862,58.7743,58.6016,77.3047,28.6273,0.9781,115.868,72.1081,12.0334,1.9714
9f45a227-1fd5-478c-a194-4a5c61b68cc3,0.7573,0.61549,1.0,0.80774,False,1,False,0.38451,0.61549,1.01239,mesenchymal,1,1.1544,6.802,12.0472,10.0293,2.5399,7.8949,8.6631,0.0716,0.4661,34.1437,61.1357,79.181,48.7901,0.9442,120.8249,68.2199,11.9439,3.5387
0f940ec0-eb0b-422a-a764-a26c8e5c216d,0.8874,0.67216,1.0,0.83608,False,1,False,0.32784,0.67216,1.117,mesenchymal,1,1.1599,7.5947,10.9363,10.5497,871780096.0703,8.1563,6.8651,0.074,0.457,11537474659.7735,66.2094,86.0466,0.0,1.1412,115.3747,80.1226,11.8376,0.0
3aae5316-6a5d-4b83-9020-ad691d4edf99,0.526,0.60045,0.94102,0.77073,False,1,False,0.39955,0.60045,0.98365,mesenchymal,1,1.3036,8.1005,11.7886,9.1039,2.1987,7.7405,8.7714,0.1318,0.4782,31.9725,59.7852,70.4687,47.6186,0.8988,107.3223,73.7464,10.8823,3.3567
b728e6e8-a0e4-496b-904c-6f07c12e901f,0.5548,0.62416,0.99817,0.81117,False,1,False,0.37584,0.62416,1.0288,mesenchymal,1,1.0611,6.2557,11.7356,9.2191,2.5698,7.9428,8.5998,0.0296,0.4585,28.8714,60.2422,73.226,50.4105,0.9872,108.1919,57.6716,12.678,3.7474
7a6c54f1-f4e4-426b-b306-2ca3c4de12ca,0.8157,0.60648,1.0,0.80324,False,1,False,0.39352,0.60648,0.99523,mesenchymal,1,1.2567,6.8998,11.9193,10.2629,2.9577,7.4251,8.5262,0.1137,0.4917,45.5081,54.8566,76.2034,38.6116,0.9071,122.327,70.8122,11.4304,2.688
4aadf2a2-ce1e-4f94-b146-59292e83e7fd,0.7852,0.64506,1.0,0.82253,False,1,False,0.35494,0.64506,1.06777,mesenchymal,1,1.1446,7.8951,10.8977,10.1406,6.2118,8.4899,8.3193,0.0674,0.472,75.5621,71.7248,86.0932,22.1951,1.0982,110.5102,80.0611,13.2592,1.4625
3a8ca50f-bc9f-4250-8c8d-22893763ea46,0.8964,0.63866,1.0,0.81933,False,1,False,0.36134,0.63866,1.05592,mesenchymal,1,1.1263,8.0184,12.0271,10.5856,3.4684,8.8857,8.6825,0.0594,0.4502,45.2766,78.2028,94.0598,40.9219,1.0442,127.3137,84.8791,12.9209,2.8119
2c9996bb-af6e-4424-881a-e81b9c9aeb78,0.7529,0.611,1.0,0.8055,False,1,False,0.389,0.611,1.00385,mesenchymal,1,1.2264,7.5322,10.5729,10.0116,2.7768,7.6685,8.6361,0.1017,0.4853,37.6592,58.7878,76.774,40.6479,0.9743,105.851,75.4092,11.792,2.8108
912b61a1-6a5b-451c-b753-9c3dac03e8cb,1.3392,0.66886,1.0,0.83443,False,1,False,0.33114,0.66886,1.11109,mesenchymal,1,1.1112,7.3444,11.7148,12.3566,783523228.401,7.5898,6.777,0.0527,0.4717,14475586659.5471,57.5451,93.7845,0.0,1.0834,144.7559,90.752,12.1972,0.0
ab9cc98a-86ae-4913-bcb2-cc3aeff8abb1,0.7698,0.63699,1.0,0.81849,False,1,False,0.36301,0.63699,1.05281,mesenchymal,1,1.2073,8.6486,11.3319,10.079,4.3483,8.5275,8.3402,0.0939,0.4637,59.079,72.7036,85.9491,28.51,1.0449,114.2143,87.1696,12.2147,1.9332
d9d7f0d4-fa64-48f2-8037-52cbf0b34ad8,0.934,0.62132,1.0,0.81066,False,1,False,0.37868,0.62132,1.02344,mesenchymal,1,1.231,5.4311,11.3695,10.7361,5.7916,8.044,8.8078,0.1035,0.4951,66.3369,57.8787,86.3615,29.0281,0.9972,122.0643,58.3091,12.8151,1.8401
93cd5d07-e0d3-40f8-ae7f-beadb1efb7c1,0.7019,0.58212,1.0,0.79106,False,1,False,0.41788,0.58212,0.94818,mesenchymal,1,1.1694,6.6555,11.3602,9.8077,1.5531,7.5444,9.7103,0.0781,0.4811,20.5192,56.1277,73.9928,75.9686,0.8789,111.4174,65.2753,11.9646,5.4299
f1e6ce83-b4a0-4643-8e8e-a1ef8a158a27,0.1251,0.56675,0.44686,0.5068,True,2,True,0.43325,0.56675,0.91812,mesenchymal,1,1.4716,8.1175,10.4476,7.5005,1.5856,7.3888,9.4837,0.1908,0.4998,18.6565,54.0626,55.4194,62.0257,0.8435,78.362,60.8856,10.0345,4.2003
b107565b-7558-4745-952b-689178367e1c,1.1947,0.62302,1.0,0.81151,False,1,False,0.37698,0.62302,1.02664,mesenchymal,1,1.2025,7.6732,11.9081,11.7789,3.5212,7.4065,7.9943,0.0919,0.4852,69.1746,54.7856,87.2407,28.3082,0.9472,140.2643,90.3822,11.6102,2.0277
28033279-cc74-4775-afdf-2497f6ddb55c,1.0423,0.66075,1.0,0.83037,False,1,False,0.33925,0.66075,1.09646,mesenchymal,1,1.1925,7.4928,10.5125,11.169,788771443.6854,7.6902,6.9335,0.0878,0.4741,11741464971.6475,59.1007,85.8925,0.0,1.1078,117.4146,83.6869,11.6281,0.0
381cf7f3-cd7b-4660-8175-ff8062f7bf78,0.5826,0.6095,1.0,0.80475,False,1,False,0.3905,0.6095,1.001,mesenchymal,1,1.305,7.4331,10.4177,9.3304,3.127,7.6034,8.3708,0.1323,0.4839,39.0996,57.7829,70.943,35.4396,0.9621,97.2016,69.3539,10.9242,2.486
d976782c-90c1-421d-b83c-7fc2617e2709,0.0,0.55246,0.19849,0.37547,False,1,False,0.44754,0.55246,0.88993,mesenchymal,1,1.459,4.3729,10.9704,6.8931,2.3654,6.0657,9.0007,0.1867,0.5482,23.0552,33.9272,41.8115,48.2854,0.767,75.6202,30.143,10.0897,3.28
e7dbfca1-9657-4952-8e0d-dec6373dda5b,0.5409,0.62057,0.97053,0.79555,False,1,False,0.37943,0.62057,1.02201,mesenchymal,1,1.4042,6.8906,11.7502,9.1634,786829945.5183,7.3795,7.9919,0.1681,0.5199,10767173571.3416,54.2175,67.6211,0.0,0.9426,107.6717,63.1417,11.3826,0.0
cc53bf9e-5e27-4305-a08b-552120c10aa5,1.0439,0.6792,1.0,0.8396,False,1,False,0.3208,0.6792,1.12954,mesenchymal,1,0.9336,8.3116,12.6574,11.1756,5.772,8.2401,7.1521,-0.0343,0.4389,99.954,67.8934,92.0875,18.2405,1.1233,141.454,92.8872,13.8051,1.4152
57a2044d-20cc-4d02-b268-ce570a0fabe3,0.7328,0.67691,1.0,0.83845,False,1,False,0.32309,0.67691,1.12547,mesenchymal,1,1.1277,6.3854,11.9732,9.9314,1031999436.8422,8.3527,6.9126,0.06,0.4528,11891026828.3155,65.8969,82.9534,0.0,1.1228,118.9103,63.4153,12.2599,0.0
639e1050-088a-48fe-a0ef-4a01a3468cac,0.8592,0.63153,1.0,0.81576,False,1,False,0.36847,0.63153,1.04263,mesenchymal,1,1.1607,8.9962,12.1957,10.4369,2.6649,9.2453,9.0461,0.0744,0.44,35.7266,85.4131,96.4918,51.7645,1.0238,127.2845,93.8921,12.518,3.5627
05ff79c5-1127-4cac-8f4c-84089a3f2cde,0.7942,0.62404,1.0,0.81202,False,1,False,0.37596,0.62404,1.02858,mesenchymal,1,1.1413,6.7861,11.6516,10.1767,3.3409,7.296,8.0035,0.066,0.4837,50.75,52.9723,74.2498,31.9407,0.9606,118.5748,69.0607,11.9778,2.3364
1fd75c4d-e74c-410c-a150-814722c6c1cc,0.9083,0.65465,1.0,0.82732,False,1,False,0.34535,0.65465,1.08536,mesenchymal,1,1.0892,6.9081,10.6518,10.6332,585703964.8761,6.3826,6.5298,0.0427,0.5057,11326271299.9352,40.4612,67.867,0.0,1.044,113.2627,73.4551,11.9903,0.0
c777a777-373a-4773-9566-6c373261f00a,0.9099,0.64181,1.0,0.82091,False,1,False,0.35819,0.64181,1.06176,mesenchymal,1,1.2104,8.8424,10.2297,10.6397,5.4687,8.1675,7.872,0.0952,0.4681,79.4409,66.2524,86.8994,19.6933,1.0861,108.8406,94.0804,11.8754,1.3701
93ca8937-97c0-4f6e-bdec-66d32f2a7b3d,0.8106,0.60679,1.0,0.8034,False,1,False,0.39321,0.60679,0.99582,mesenchymal,1,1.3168,8.5438,10.7249,10.2424,2.4721,7.7551,8.5294,0.1367,0.4787,38.9813,59.5203,79.4314,40.1308,0.9475,109.8494,87.5089,10.8149,2.818
c46971a1-cbac-425d-bac2-f4142c92522e,1.1589,0.6668,1.0,0.8334,False,1,False,0.3332,0.6668,1.1074,mesenchymal,1,1.111,7.3241,10.1394,11.6356,724860455.0295,7.2863,6.6169,0.0526,0.4759,11797808767.6811,53.0893,84.7806,0.0,1.1331,117.9781,85.2197,11.9111,0.0
9b2c325c-1f03-43c7-ad5c-b49c6d205635,0.8723,0.62021,1.0,0.8101,False,1,False,0.37979,0.62021,1.02133,mesenchymal,1,1.1984,8.702,11.3727,10.4892,2.5206,8.569,8.9819,0.0902,0.4603,35.6429,73.4106,89.8827,48.9206,1.0,119.2909,91.2777,12.1971,3.3468
a94e1279-a975-480a-93e9-7b1ff05cbcbf,0.7324,0.60987,1.0,0.80494,False,1,False,0.39013,0.60987,1.0017,mesenchymal,1,1.1945,6.9674,11.0926,9.9298,2.4152,8.2999,9.1316,0.0886,0.4624,27.6176,67.1122,82.4157,56.9324,0.9726,110.1466,69.1841,11.9505,3.9883
b823d6e5-54b0-43d3-95e2-9be33dc6f734,0.7494,0.6433,1.0,0.82165,False,1,False,0.3567,0.6433,1.06452,mesenchymal,1,1.2731,8.061,10.729,9.9974,13.5226,8.3179,7.926,0.1202,0.4777,169.1529,69.1218,83.1577,9.6499,1.0755,107.2621,80.5892,11.9532,0.6341
265d7b06-65fe-42c5-ad21-e6b160e94718,1.0319,0.59528,1.0,0.79764,False,1,False,0.40472,0.59528,0.9737,mesenchymal,1,1.1736,8.0487,10.2915,11.1276,1.6531,7.8235,9.4789,0.0799,0.4786,24.9153,61.156,87.0568,66.0109,0.9533,114.5203,89.5634,12.2371,4.5964
e831369c-78c0-4c75-9cf3-f46ed669312e,1.1654,0.67528,1.0,0.83764,False,1,False,0.32472,0.67528,1.12258,mesenchymal,1,1.0363,7.8866,11.0622,11.6617,738570472.9722,7.6361,6.8509,0.0178,0.4729,12900412152.1743,58.2481,89.0503,0.0,1.1506,129.0041,91.9709,13.222,0.0
a9cb21d1-4c4a-4f30-ad4d-c54bed26f187,0.9068,0.6127,1.0,0.80635,False,1,False,0.3873,0.6127,1.00709,mesenchymal,1,1.1905,7.5525,10.4535,10.6273,2.4131,7.9711,8.7749,0.087,0.4689,31.9529,63.3632,84.711,48.9285,0.9914,111.0922,80.2629,11.8211,3.4767
4f601d7b-8db1-4c6d-9374-21dcd804980d,1.0575,0.65402,1.0,0.82701,False,1,False,0.34598,0.65402,1.08422,mesenchymal,1,1.1364,8.8147,12.3319,11.2301,5.0145,8.9062,8.0336,0.0638,0.4448,77.1801,79.3117,100.0172,25.6105,1.0695,138.488,98.9897,12.5601,1.7943
2d02bd7a-5beb-4e43-9ccb-18d89c9d5ca2,0.6345,0.65449,1.0,0.82725,False,1,False,0.34551,0.65449,1.08507,mesenchymal,1,1.1848,6.7058,10.6964,9.5378,833792881.547,7.5219,7.1621,0.0846,0.4877,10202048243.1075,55.9125,71.7424,0.0,1.0845,102.0205,63.9589,12.0901,0.0
bfb07784-693b-4c25-874e-4ad6e04a5d46,1.1428,0.61516,1.0,0.80758,False,1,False,0.38484,0.61516,1.01176,mesenchymal,1,1.2398,8.2305,11.2217,11.5711,2.5374,8.0369,8.5752,0.107,0.4666,42.0075,64.5535,92.9949,43.4578,0.9662,129.8472,95.2352,11.3403,3.091
02f9668c-71e6-485f-88b1-b37dc8bdd2ab,1.0977,0.64318,1.0,0.82159,False,1,False,0.35682,0.64318,1.06429,mesenchymal,1,1.0876,7.5784,11.922,11.3908,4.6463,8.26,8.3518,0.042,0.4722,70.5654,67.7628,94.0877,28.442,1.0518,135.8006,86.3235,13.5884,1.9245
3eb37b12-b8b4-40a3-bd8b-f89fc39c05fa,0.9587,0.64375,1.0,0.82188,False,1,False,0.35625,0.64375,1.06536,mesenchymal,1,1.0728,8.4027,11.2415,10.8349,3.0259,9.0488,8.6357,0.0351,0.4374,38.0159,81.4632,98.0428,45.0712,1.0946,121.8005,91.0428,13.1128,3.2039
7a481097-14a3-4916-9632-d899c25fd284,1.3057,0.63095,1.0,0.81547,False,1,False,0.36905,0.63095,1.04154,mesenchymal,1,1.0789,7.4525,11.2514,12.2226,2.4973,7.7169,7.9662,0.038,0.4521,43.0303,59.4814,94.3215,40.7051,1.002,137.522,91.0896,11.805,3.1959
4ad9784e-1edc-4186-9b45-4dfe0003f74b,0.974,0.62856,1.0,0.81428,False,1,False,0.37144,0.62856,1.03707,mesenchymal,1,1.1837,8.1938,11.8601,10.8959,3.3467,8.9389,9.1061,0.0841,0.4615,44.6596,79.3489,97.3973,44.3255,1.0248,129.2258,89.2789,12.9413,2.8936
33522271-b2ca-4da4-a942-501ab9117c51,0.7124,0.63463,1.0,0.81731,False,1,False,0.36537,0.63463,1.04841,mesenchymal,1,1.256,10.4094,10.3577,9.8495,2.7965,9.6311,8.8979,0.1135,0.4317,32.2257,92.1525,94.8615,46.315,1.0979,102.0181,102.527,11.6478,3.1657
5342e2e8-1465-4f7b-9450-ef27280f80c7,0.7362,0.62124,1.0,0.81062,False,1,False,0.37876,0.62124,1.0233,mesenchymal,1,1.2435,8.319,12.4157,9.9448,3.1903,8.1997,8.5895,0.1085,0.4718,48.7483,67.2205,81.544,37.0965,0.9521,123.4714,82.7302,11.7782,2.5328
0a815133-0edd-4422-89f2-2f067b6f2156,0.7325,0.59671,1.0,0.79835,False,1,False,0.40329,0.59671,0.97646,mesenchymal,1,1.2734,8.5264,8.9046,9.9301,1.7032,7.5957,8.727,0.1203,0.4713,22.5961,56.8281,75.426,52.9881,0.9797,88.424,84.6683,10.6334,3.9132
091e3084-04ee-4497-893c-d46226dec78f,0.6882,0.62814,1.0,0.81407,False,1,False,0.37186,0.62814,1.03628,mesenchymal,1,1.1615,8.6422,11.4497,9.7527,2.4957,8.2519,8.326,0.0747,0.45,35.4497,67.9407,80.4776,42.5309,1.001,111.6654,84.2846,11.6247,3.15
e6ec5a68-7555-4f26-bd7e-9cdb4c5f7004,0.8967,0.60757,1.0,0.80378,False,1,False,0.39243,0.60757,0.99731,mesenchymal,1,1.1613,8.2071,11.647,10.5869,1.9812,7.8941,9.0912,0.0746,0.4762,32.2238,62.2187,83.574,54.9328,0.9437,123.3057,86.8878,12.362,3.8265
62d39be5-f029-4eb8-8b00-46470e06a755,0.8426,0.58911,1.0,0.79456,False,1,False,0.41089,0.58911,0.96177,mesenchymal,1,1.2706,6.6569,10.4451,10.3704,2.2713,7.4344,9.2957,0.1192,0.5018,29.9593,54.6661,77.098,54.1467,0.918,108.3202,69.035,11.7867,3.6156
e3ca9046-9634-4332-b19f-88b18110f941,0.8867,0.63553,1.0,0.81777,False,1,False,0.36447,0.63553,1.05011,mesenchymal,1,1.117,7.4413,11.6362,10.547,3.4349,8.3448,8.4144,0.0553,0.4586,45.5821,68.82,88.013,38.0614,1.0309,122.7274,78.4833,12.6555,2.6924
55697871-b9aa-4acd-8dbe-dcd5391db8f0,0.9532,0.66993,1.0,0.83496,False,1,False,0.33007,0.66993,1.11301,mesenchymal,1,1.0622,7.8007,11.8971,10.8129,9.6304,8.5931,7.4751,0.0302,0.4485,131.9983,73.2129,92.916,13.6203,1.1302,128.6418,84.3478,13.1575,0.9746
20ccd267-74e5-4574-a8e1-028bcd74aaeb,1.2093,0.68616,1.0,0.84308,False,1,False,0.31384,0.68616,1.14182,mesenchymal,1,1.0636,8.4235,11.4705,11.8372,961405853.2898,9.0188,7.2373,0.0308,0.4452,13577827375.0266,80.9839,106.7568,0.0,1.2197,135.7783,99.7103,13.6088,0.0
31a3877d-3e82-450e-811f-3448b06f3950,0.864,0.65759,1.0,0.82879,False,1,False,0.34241,0.65759,1.09072,mesenchymal,1,1.1031,5.7535,11.4337,10.4559,7.9655,8.3239,7.5983,0.049,0.4538,87.4101,62.6799,87.0332,18.9135,1.0959,119.5491,60.158,12.5366,1.3677
4c6c8d3d-e4a3-490a-9211-cfbe7e6ee25b,0.5171,0.67462,0.9233,0.79896,False,1,False,0.32538,0.67462,1.12139,mesenchymal,1,1.1297,6.4659,12.2668,9.0682,13.6332,8.2895,6.7007,0.0609,0.433,149.9563,65.3905,75.1713,9.3909,1.0825,111.2381,58.6341,11.2062,0.7418
cee553c8-460d-436b-b55d-8f41624816cc,0.6418,0.58531,1.0,0.79265,False,1,False,0.41469,0.58531,0.95439,mesenchymal,1,1.2598,7.1478,10.7651,9.5672,1.9611,7.5707,9.6378,0.115,0.501,25.2677,57.1364,72.4302,61.9544,0.9056,102.9921,68.3846,12.065,4.076
ea923671-3903-4a79-830d-e7e4b1eabab0,0.8992,0.63297,1.0,0.81649,False,1,False,0.36703,0.63297,1.04533,mesenchymal,1,1.1054,7.1097,11.4768,10.5969,3.0136,8.6296,8.6665,0.0501,0.4473,36.1113,72.1594,91.4463,47.0331,1.0376,121.6187,75.3406,12.6335,3.3679
750770db-53cf-4021-a8c2-5e0ddb97fef5,1.0148,0.67472,1.0,0.83736,False,1,False,0.32528,0.67472,1.12157,mesenchymal,1,1.0842,7.7633,11.1621,11.0591,787425179.9012,7.8188,6.7876,0.0404,0.4647,12344303511.6754,61.1304,86.469,0.0,1.1383,123.443,85.8556,12.5207,0.0
36eaf209-c332-4321-b6aa-51a3368ecd79,0.9017,0.6187,1.0,0.80935,False,1,False,0.3813,0.6187,1.01848,mesenchymal,1,1.1185,7.3063,12.5556,10.6068,2.6909,7.9902,8.9897,0.0559,0.4801,41.3143,63.3754,84.7504,47.565,0.9554,133.1748,77.4961,13.1928,3.2235
cbdabbcd-d8f1-4d7c-9e18-ebd83d888c51,1.1019,0.66502,1.0,0.83251,False,1,False,0.33498,0.66502,1.10419,mesenchymal,1,0.9632,7.8844,12.136,11.4074,3.6601,8.3149,7.4698,-0.0187,0.4301,57.94,68.9521,94.8516,29.9872,1.0954,138.4411,89.9404,13.0295,2.3894
b612d491-7442-4119-a53c-5ebcc35c31f4,1.377,0.63816,1.0,0.81908,False,1,False,0.36184,0.63816,1.055,mesenchymal,1,1.0399,7.9205,12.2013,12.508,2.6028,8.1416,8.225,0.0195,0.4484,47.4996,66.2361,101.8347,42.5302,1.0126,152.6145,99.0702,12.7295,3.213
9dcb4e16-b582-4cd0-87cf-04f480ec2cec,0.7531,0.63546,1.0,0.81773,False,1,False,0.36454,0.63546,1.04997,mesenchymal,1,1.1789,8.5282,7.9261,10.0124,3.4676,7.3414,7.3622,0.0821,0.4686,44.7115,52.4883,73.5056,22.9842,1.1332,79.3598,85.3877,10.9844,1.7749
e394e9ec-7288-4ede-9ef8-41b631d100dd,1.6773,0.65733,1.0,0.82866,False,1,False,0.34267,0.65733,1.09025,mesenchymal,1,0.9817,8.8713,10.4842,13.7092,2.607,8.6534,7.7868,-0.0092,0.4162,44.4197,74.8345,118.6317,39.9223,1.1465,143.7303,121.6187,12.5674,3.2357
ac6a3df9-41b1-4e5a-a15e-f44481384c23,1.005,0.64193,1.0,0.82097,False,1,False,0.35807,0.64193,1.06199,mesenchymal,1,1.0954,7.8852,11.1415,11.02,3.6651,8.2906,8.1914,0.0455,0.458,51.7474,68.5691,91.3617,33.2414,1.0671,122.7786,86.8941,12.7898,2.3727
f38d49b7-6cad-4460-abd0-3685a3b2d941,1.0504,0.62929,1.0,0.81464,False,1,False,0.37071,0.62929,1.03843,mesenchymal,1,1.1024,8.0849,11.1846,11.2016,2.767,8.4097,8.8282,0.0487,0.463,39.689,70.6171,94.202,45.771,1.0392,125.2852,90.5643,13.1529,3.1567
d4e1472a-7b5f-46f4-acb7-b961f634e28e,0.8139,0.57788,1.0,0.78894,False,1,False,0.42212,0.57788,0.93991,mesenchymal,1,1.3434,6.0737,11.2887,10.2555,2.4604,6.5456,8.7805,0.1465,0.5291,40.5905,42.6226,67.1285,41.9519,0.8333,115.7713,62.2889,10.9492,2.8522
77a44132-af22-4115-9fa2-78f2f74bf687,0.9287,0.60185,1.0,0.80092,False,1,False,0.39815,0.60185,0.98635,mesenchymal,1,1.194,6.4991,11.9581,10.7148,2.6637,7.5255,9.1698,0.0884,0.5013,39.9087,55.5797,80.6341,48.5727,0.915,128.1284,69.6359,12.6714,3.2105
abe658e0-33f9-4f57-849b-dec4d20964d6,1.0386,0.66784,1.0,0.83392,False,1,False,0.33216,0.66784,1.10927,mesenchymal,1,1.0695,7.8493,11.681,11.1543,6.6026,9.2744,7.9181,0.0336,0.4339,80.4024,83.9843,103.4499,23.0369,1.1571,130.2931,87.554,13.2922,1.6205
03efbc94-a43d-4db0-9377-e397348430a6,0.6275,0.62124,1.0,0.81062,False,1,False,0.37876,0.62124,1.02329,mesenchymal,1,1.2259,8.0523,11.0744,9.51,3.3731,7.7513,8.3089,0.1015,0.4817,47.6835,59.9916,73.715,31.8252,0.9843,105.3184,76.5777,11.7538,2.2087
d9fb85c3-ade1-47bf-8159-170f81eb130f,0.8225,0.63243,1.0,0.81621,False,1,False,0.36757,0.63243,1.04431,mesenchymal,1,1.0895,5.4458,11.551,10.2899,3.9927,7.8883,8.3477,0.0428,0.4721,45.937,56.259,81.1692,36.5031,1.017,118.8581,56.0369,12.9488,2.5874
99c532b0-6b42-4925-a344-fc7262c415ee,0.7664,0.62075,1.0,0.81038,False,1,False,0.37925,0.62075,1.02237,mesenchymal,1,1.1331,8.5712,11.5119,10.0655,2.1916,8.6339,9.1251,0.0624,0.4527,29.2004,74.5408,86.9051,56.6738,1.0037,115.8733,86.2741,12.604,3.9682
127f738d-afa1-42f6-a9a0-f33806667b84,0.9811,0.67767,1.0,0.83884,False,1,False,0.32233,0.67767,1.12683,mesenchymal,1,1.1163,8.7714,10.6731,10.9245,805917218.9308,8.4153,6.9743,0.0549,0.4532,11659783235.6209,70.6905,91.933,0.0,1.1911,116.5978,95.8236,12.4958,0.0
14efca0c-882d-4fba-b15c-64af6e213b80,0.7713,0.65683,1.0,0.82841,False,1,False,0.34317,0.65683,1.08933,mesenchymal,1,1.205,7.1517,10.7343,10.0851,831906654.5762,7.7354,7.1354,0.093,0.4798,10825680993.8453,59.4951,78.0118,0.0,1.0923,108.2568,72.1251,11.8434,0.0
beb63625-d9bf-4ccd-bc53-635b53d24240,1.4339,0.65431,1.0,0.82716,False,1,False,0.34569,0.65431,1.08475,mesenchymal,1,1.0419,9.4788,10.7249,12.7357,3.073,9.2168,8.3795,0.0205,0.4289,46.8735,84.8805,117.3824,40.3446,1.1542,136.5894,120.72,13.2881,2.914
c113808a-773f-4179-82d6-9083518404b5,0.785,0.65005,1.0,0.82503,False,1,False,0.34995,0.65005,1.07695,mesenchymal,1,1.1517,8.5212,11.588,10.1401,5.0289,8.9339,8.2151,0.0705,0.4492,63.2227,79.6444,90.5906,27.0824,1.0893,117.5038,86.4055,12.6525,1.8586
568dbda7-88b5-4330-881f-dc5d6c7ce4ae,1.1521,0.58558,1.0,0.79279,False,1,False,0.41442,0.58558,0.95491,mesenchymal,1,1.3926,8.0825,10.6753,11.6085,2.2577,7.7645,9.4692,0.1641,0.5018,37.5735,60.1861,90.1343,51.5841,0.9036,123.9245,93.8264,11.2309,3.2982
af3a0634-4292-45bd-b948-6b6bd2d58090,0.7207,0.61978,1.0,0.80989,False,1,False,0.38022,0.61978,1.02054,mesenchymal,1,1.2362,7.5307,10.1989,9.883,3.5498,7.7433,8.326,0.1056,0.482,44.9726,59.914,76.527,32.2983,1.0109,100.795,74.426,11.6577,2.2413
d7ebd11a-1339-4b28-be90-a788d2cfa706,0.9889,0.62167,1.0,0.81084,False,1,False,0.37833,0.62167,1.02411,mesenchymal,1,1.1154,7.7084,11.4467,10.9556,2.3558,7.6186,8.2844,0.0546,0.4674,39.241,58.0345,83.4659,42.737,0.9718,125.4055,84.45,11.9889,3.1958
dde411b2-5d2b-4638-8149-89bc1eb3c7ad,0.9537,0.68351,1.0,0.84176,False,1,False,0.31649,0.68351,1.13716,mesenchymal,1,1.0718,7.2989,12.7557,10.815,1043813496.1789,8.8685,7.2296,0.0347,0.4491,13795273208.6213,76.1869,95.9126,0.0,1.1474,137.9527,78.9373,13.4907,0.0
7570761b-c333-40df-ac8c-9b7f94c58ef9,0.589,0.63515,1.0,0.81757,False,1,False,0.36485,0.63515,1.04939,mesenchymal,1,1.1426,7.3527,12.2726,9.3562,4.1082,7.2037,7.4535,0.0666,0.4779,66.8661,51.871,67.3991,22.6497,0.9548,114.8243,68.7933,11.5433,1.7172
ff1407c6-9174-4bae-a19b-d34ca71b898c,0.9539,0.60454,1.0,0.80227,False,1,False,0.39546,0.60454,0.99151,mesenchymal,1,1.2564,7.77,10.4764,10.8154,2.4331,7.8504,8.9431,0.1136,0.4823,34.7622,61.6216,84.9049,47.6758,0.964,113.3071,84.0356,11.6419,3.2595
b54865b6-824e-4163-b759-21a6eacc98ce,0.7803,0.65182,1.0,0.82591,False,1,False,0.34818,0.65182,1.08019,mesenchymal,1,0.9725,5.2329,12.9171,10.1212,4.2002,7.8622,7.796,-0.014,0.4544,52.3391,54.9016,79.5753,32.7076,1.0239,130.7361,52.9634,13.4647,2.4979
10881458-55b2-41d1-8358-4ee6ccb8ec85,0.6426,0.57844,1.0,0.78922,False,1,False,0.42156,0.57844,0.94101,mesenchymal,1,1.3346,7.5105,9.8079,9.5705,1.7743,7.409,9.4181,0.1433,0.4983,22.791,54.8832,70.9083,60.6161,0.9023,93.8673,71.8794,11.0281,4.1186
2d3ce817-b269-4662-a92d-392bd3662399,0.822,0.66519,1.0,0.83259,False,1,False,0.33481,0.66519,1.10449,mesenchymal,1,0.996,6.7649,11.5767,10.2881,6.8082,7.7955,7.2702,-0.002,0.4593,91.8731,59.7077,80.201,17.1693,1.1061,119.1026,69.5982,13.2974,1.2964
0c53b010-4243-4da3-a059-7f54c9a850ec,1.2533,0.71475,1.0,0.85738,False,1,False,0.28525,0.71475,1.19108,mesenchymal,1,0.9602,9.3406,13.7077,12.013,1091967988.0633,10.1301,6.9183,-0.0203,0.4058,16467152305.1123,101.9966,121.6939,0.0,1.2587,164.6715,112.2092,14.4104,0.0
2a971e32-b0e7-4a3f-8c40-62d69c0307d8,0.8258,0.5585,1.0,0.77925,False,1,False,0.4415,0.5585,0.90187,mesenchymal,1,1.276,6.8951,9.5949,10.303,1.1789,6.8129,9.5067,0.1213,0.494,17.3154,46.4083,70.1932,75.9561,0.8407,98.8565,71.0408,10.4265,5.7092
6fa41234-9077-4d05-a295-6820f3bedf5b,0.8609,0.61257,1.0,0.80629,False,1,False,0.38743,0.61257,1.00685,mesenchymal,1,1.207,7.609,10.4463,10.4435,2.5669,7.2843,8.1863,0.0938,0.4839,40.2367,52.9563,76.0738,37.0402,0.9653,109.0958,79.4644,11.3184,2.7114
95a54459-3fac-42d5-8ec1-ed66d971d64d,0.7316,0.61486,1.0,0.80743,False,1,False,0.38514,0.61486,1.0112,mesenchymal,1,1.2616,6.7936,11.5829,9.9264,3.5059,8.2395,8.8885,0.1157,0.4767,41.6192,65.7984,81.7883,41.4789,0.9666,114.9767,67.4359,11.9012,2.7626
613aa3e8-a70b-45a9-9c08-0c2346c8bf00,0.6941,0.62732,1.0,0.81366,False,1,False,0.37268,0.62732,1.03474,mesenchymal,1,1.2137,7.4702,12.3636,9.7765,4.1534,8.0182,8.342,0.0965,0.4769,58.6064,63.9919,78.3903,30.156,0.9668,120.8725,73.0326,12.0474,2.0624
b6202d8d-dd3c-4fa2-9242-6e55759846af,1.0224,0.64015,1.0,0.82008,False,1,False,0.35985,0.64015,1.05869,mesenchymal,1,1.073,8.005,11.6985,11.0896,3.1104,8.6981,8.6085,0.0352,0.4494,42.9668,75.1773,96.4589,42.8679,1.0592,129.732,88.7722,13.2324,3.0194
c293a148-a88c-4fb3-b2f4-e64e918044f9,0.8894,0.63603,1.0,0.81802,False,1,False,0.36397,0.63603,1.05104,mesenchymal,1,1.1776,7.5531,11.9786,10.5576,4.8761,8.1488,8.2236,0.0815,0.4734,70.5202,66.0474,86.0316,26.279,1.0111,126.4652,79.743,12.4441,1.7933
300fff5a-0f61-402d-b845-3938ba7b1294,0.266,0.59328,0.55029,0.57179,True,2,True,0.40672,0.59328,0.96985,mesenchymal,1,1.3425,5.8826,11.5679,8.0642,3.5906,6.8579,8.469,0.1462,0.5183,42.7612,46.079,55.303,32.1918,0.8668,93.2859,47.4382,10.9919,2.1816
88e64f45-adc4-4223-9838-4d7d45b8f0c0,0.7578,0.65252,1.0,0.82626,False,1,False,0.34748,0.65252,1.08147,mesenchymal,1,1.1629,8.248,11.209,10.0312,6.5167,8.3968,7.695,0.0753,0.456,85.744,70.4836,84.2293,18.4618,1.0865,112.4395,82.7368,12.1065,1.3113
9c45eaec-d854-4f51-80a3-2d80d6b4aebc,0.8189,0.62272,1.0,0.81136,False,1,False,0.37728,0.62272,1.02608,mesenchymal,1,1.2064,7.0558,11.6012,10.2757,3.0914,8.7234,8.9217,0.0935,0.4536,35.4666,73.3164,89.6386,48.6775,1.0002,119.2104,72.503,12.0046,3.3612
65056295-8fcd-4f82-a3c9-a5acd79521fe,0.5183,0.60511,0.92568,0.7654,False,1,False,0.39489,0.60511,0.99261,mesenchymal,1,1.3104,6.0953,12.1469,9.073,4.0429,7.5089,8.6668,0.1343,0.5018,49.9367,54.3851,68.1285,33.384,0.901,110.2092,55.3024,11.5438,2.207
dc22eba5-6fb7-4875-b30a-99fa00758301,0.7801,0.61559,1.0,0.80779,False,1,False,0.38441,0.61559,1.01259,mesenchymal,1,1.2647,7.201,12.4859,10.1203,3.5797,8.0431,8.7111,0.1169,0.4815,50.9085,63.9821,81.3987,37.0833,0.9328,126.3616,72.8765,11.8135,2.4821
17633a60-e12b-4a7c-bd8a-c16341ddc606,0.574,0.622,1.0,0.811,False,1,False,0.378,0.622,1.02472,mesenchymal,1,1.2516,6.495,11.021,9.296,5.977,7.3553,8.0401,0.1117,0.4999,74.535,53.3608,68.3748,20.2135,0.9763,102.4509,60.3776,11.7495,1.3745
9d8c4693-8e36-473b-bb34-a7cdc04dd223,0.7903,0.59736,1.0,0.79868,False,1,False,0.40264,0.59736,0.97771,mesenchymal,1,1.2817,7.4717,11.421,10.1613,2.338,8.3745,9.7049,0.1235,0.4797,29.2462,69.3168,85.0953,61.2741,0.934,116.0519,75.9217,12.0476,3.9681
3334201d-a3c0-45ec-a9ed-cf48cc8c38e8,0.5338,0.5993,0.95651,0.7779,False,1,False,0.4007,0.5993,0.98144,mesenchymal,1,1.2495,7.3881,11.2047,9.1352,2.3615,7.1742,8.6222,0.1109,0.4991,34.7271,51.424,65.5378,42.1399,0.9066,102.357,67.4911,11.4426,2.9475
b079a153-62f9-4026-a2f8-a1390168bbb9,1.0505,0.64654,1.0,0.82327,False,1,False,0.35346,0.64654,1.07049,mesenchymal,1,1.1378,7.2575,10.5135,11.202,7.2623,7.9651,7.8296,0.0645,0.4759,98.62,62.9415,89.2247,17.2742,1.0944,117.7728,81.298,12.7132,1.1942
19d1a5fc-3ce9-4e43-a364-a4150bcf911b,0.8398,0.62057,1.0,0.81029,False,1,False,0.37943,0.62057,1.02202,mesenchymal,1,1.2105,5.2264,11.7287,10.3591,7.4401,7.3149,8.3921,0.0952,0.5148,96.1316,49.1457,75.7757,19.6159,0.9628,121.4988,54.1406,12.8216,1.2639
131e0571-de86-415f-b3fb-dc9f971258d3,0.9498,0.60989,1.0,0.80495,False,1,False,0.39011,0.60989,1.00174,mesenchymal,1,1.147,7.8965,10.7742,10.7993,2.0747,8.5054,9.5303,0.0684,0.463,26.4855,71.9706,91.8521,64.4356,0.9988,116.3541,85.277,12.7881,4.3931
eed7405f-f8f3-41a4-a0e7-242f23087f59,0.8736,0.61181,1.0,0.8059,False,1,False,0.38819,0.61181,1.00539,mesenchymal,1,1.3222,6.3515,12.316,10.4944,5.0993,7.6471,8.5201,0.1387,0.4999,73.7003,56.7992,80.2514,26.8078,0.9148,129.2486,66.6549,11.5615,1.7537
d17a2ab0-faef-40de-a87d-1291868b200d,0.8799,0.67302,1.0,0.83651,False,1,False,0.32698,0.67302,1.11853,mesenchymal,1,1.1723,9.0799,10.8413,10.5196,811917230.5169,8.5995,7.1353,0.0793,0.4535,11404600653.921,73.7209,90.4632,0.0,1.1697,114.046,95.5162,12.1734,0.0
26a41625-4680-47b2-afa9-6a72b148e1c0,0.6566,0.61737,1.0,0.80868,False,1,False,0.38263,0.61737,1.01596,mesenchymal,1,1.212,7.3031,13.6071,9.6263,3.14,8.0623,8.756,0.0959,0.4769,46.6237,64.4248,77.6104,41.3059,0.908,130.9859,70.3022,12.1305,2.8094
98d45099-feae-4dad-aa38-ec03fed6d999,0.6161,0.61322,1.0,0.80661,False,1,False,0.38678,0.61322,1.00808,mesenchymal,1,1.1997,4.3453,12.0889,9.4644,5.2192,7.1598,8.4629,0.0908,0.5118,59.8686,43.3415,67.7633,28.6944,0.9249,114.4138,41.1254,12.5149,1.9111
286cbae3-8324-43b7-9b20-0f40dda1588e,0.962,0.67367,1.0,0.83684,False,1,False,0.32633,0.67367,1.11971,mesenchymal,1,1.054,8.0259,11.8224,10.848,9.8077,8.7415,7.4253,0.0263,0.4427,133.0042,75.902,94.8278,13.39,1.1494,128.2496,87.0649,13.1751,0.9643
c6ed47f4-358b-4f06-b5cd-cdf1d5c47b43,1.1109,0.68443,1.0,0.84222,False,1,False,0.31557,0.68443,1.13878,mesenchymal,1,1.0353,8.7665,11.9744,11.4437,9.0537,9.9269,7.7601,0.0173,0.4186,111.8967,97.1972,113.6003,17.5067,1.2243,137.0304,100.3213,13.8083,1.2246
aee20b98-df51-4ead-86cc-0d5f60a74b90,0.8911,0.63087,1.0,0.81543,False,1,False,0.36913,0.63087,1.04139,mesenchymal,1,1.1012,7.068,12.1416,10.5645,3.3276,8.2636,8.7061,0.0481,0.4685,45.1227,66.8576,87.3012,41.417,1.0069,128.2702,74.6698,13.2311,2.8427
e83e5700-f968-4978-bb78-56a83936ce8c,0.8065,0.61821,1.0,0.8091,False,1,False,0.38179,0.61821,1.01755,mesenchymal,1,1.1001,8.3504,12.0545,10.2261,2.0054,8.3486,9.0911,0.0477,0.4564,29.6172,69.6985,85.3732,58.3534,0.9737,123.271,85.3924,12.7441,4.1621
1c111912-c664-42f5-9802-065b1994a2f4,0.8215,0.64326,1.0,0.82163,False,1,False,0.35674,0.64326,1.06444,mesenchymal,1,1.0245,7.8189,11.6335,10.2859,2.9026,8.9369,8.7616,0.0121,0.4403,34.5435,78.6181,91.9237,48.702,1.0837,119.661,80.4237,13.7236,3.4641
57cdaa1c-4e94-4a28-ab3b-300c0457555f,0.327,0.64069,0.5461,0.59339,True,2,True,0.35931,0.64069,1.05968,mesenchymal,1,1.0862,6.4993,13.3523,8.3081,3.6421,8.2169,8.0715,0.0413,0.4494,40.6699,64.5669,68.2665,36.5919,0.9759,110.9322,53.997,12.3506,2.7276
f87c6dcc-1a9e-4df5-962c-1f946e2611f8,0.9971,0.5988,1.0,0.7994,False,1,False,0.4012,0.5988,0.98049,mesenchymal,1,1.2634,8.1806,8.4339,10.9883,1.9298,7.234,8.4796,0.1164,0.4864,28.4443,51.4342,79.4888,44.6396,0.9968,92.674,89.8907,10.8444,3.2581
84959e50-17f5-4f2b-8e0c-5ebb139d2c3a,0.777,0.57271,1.0,0.78636,False,1,False,0.42729,0.57271,0.92981,mesenchymal,1,1.3243,5.2237,11.9283,10.1081,2.15,6.6629,8.9541,0.1395,0.5148,31.995,42.3229,67.3489,53.2855,0.8045,120.5719,52.8017,10.6773,3.7685
fb4cc403-694c-421f-b360-3108b6d57ad5,0.9172,0.61047,1.0,0.80523,False,1,False,0.38953,0.61047,1.00284,mesenchymal,1,1.1744,7.2885,10.8134,10.6687,2.3111,8.3289,9.2265,0.0802,0.4636,28.4559,68.2888,88.8588,58.3754,0.9881,115.3645,77.759,12.2611,4.0542
d651f9ba-8746-46c4-852c-6c2992c7d10e,0.8553,0.5765,1.0,0.78825,False,1,False,0.4235,0.5765,0.93723,mesenchymal,1,1.2806,8.3982,8.6664,10.4214,1.2734,7.6982,9.5664,0.123,0.4697,16.4344,58.7718,80.2255,74.9446,0.9369,90.3162,87.5211,10.649,5.4956
a06c09a8-0951-49f4-a765-5147bbcae109,0.4741,0.6087,0.83809,0.72339,False,1,False,0.3913,0.6087,0.99946,mesenchymal,1,1.1911,6.9561,12.489,8.8965,2.3686,7.3342,8.3343,0.0872,0.4776,34.1245,53.6469,65.2483,43.6714,0.8893,111.1088,61.8853,11.261,3.256
a512701f-88bb-4b05-8c94-fd285b9dd13e,0.7642,0.61895,1.0,0.80948,False,1,False,0.38105,0.61895,1.01896,mesenchymal,1,1.1369,7.255,12.1217,10.0567,2.5766,7.5059,8.3008,0.0641,0.4752,40.4935,56.2753,75.4841,40.9154,0.9388,121.9038,72.9615,11.9547,3.0105
81f6b141-2195-4091-9cd3-dfb022663949,0.8936,0.63888,1.0,0.81944,False,1,False,0.36112,0.63888,1.05632,mesenchymal,1,1.1092,8.4515,10.9502,10.5745,3.0453,8.2745,8.1555,0.0518,0.452,43.5477,68.4354,87.4982,36.3004,1.0585,115.7926,89.3705,12.3074,2.659
3d8fd9b2-9aa2-4c81-8843-535ae66d6140,1.2175,0.64466,1.0,0.82233,False,1,False,0.35534,0.64466,1.06703,mesenchymal,1,1.0817,7.9754,8.8151,11.8701,3.526,7.8587,7.6917,0.0393,0.4562,47.6554,61.7454,93.2832,28.9559,1.1533,104.6363,94.6688,12.1911,2.1957
3758f4f7-ac2f-4f9d-bee2-526196f8129a,0.8452,0.65823,1.0,0.82912,False,1,False,0.34177,0.65823,1.09189,mesenchymal,1,1.2,8.4837,13.0795,10.3809,11.6798,8.8525,7.8011,0.0909,0.4555,171.9753,78.231,91.8972,11.6948,1.0477,135.7774,88.0682,12.3442,0.7895
0712566e-3371-4715-95f1-5b792e72d758,0.7911,0.64209,1.0,0.82105,False,1,False,0.35791,0.64209,1.06228,mesenchymal,1,1.2187,6.2421,11.2896,10.1644,766303383.0304,6.9526,7.1419,0.0986,0.5067,11475163597.9566,47.8336,70.6685,0.0,1.002,114.7516,63.4472,11.72,0.0
07dc5a1d-64b7-42ba-928e-9753bd533c1e,0.8708,0.68957,1.0,0.84479,False,1,False,0.31043,0.68957,1.1478,mesenchymal,1,1.0762,6.0952,11.7174,10.4834,1249719246.1691,9.2962,7.1944,0.0367,0.4363,12283846577.8659,76.1729,97.4558,0.0,1.2243,122.8385,63.8984,13.3705,0.0
0f74d992-00da-4728-9564-086ca1b95921,1.1131,0.62581,1.0,0.8129,False,1,False,0.37419,0.62581,1.03189,mesenchymal,1,1.1297,6.4918,12.0192,11.4522,3.8832,7.8207,8.6101,0.0609,0.4873,58.4183,59.3979,89.5649,35.0228,0.9849,137.6471,74.346,13.1577,2.3562
1136dd50-242a-4659-aad4-c53f9e759bb3,0.5728,0.61507,1.0,0.80753,False,1,False,0.38493,0.61507,1.01159,mesenchymal,1,1.2687,8.5789,10.5353,9.291,2.4369,8.2221,8.5843,0.1184,0.4588,30.3273,67.4759,76.3917,44.9958,0.9902,97.8837,79.7067,10.9887,3.2276
124b6856-f581-46da-9068-b0a49b999785,1.3801,0.65976,1.0,0.82988,False,1,False,0.34024,0.65976,1.09467,mesenchymal,1,1.1539,7.7682,11.6218,12.5205,742207050.612,7.5951,7.082,0.0714,0.4825,14551040960.7035,57.6561,95.0948,0.0,1.0651,145.5104,97.2616,12.2753,0.0
132229e5-947d-43e9-a54c-a97d4be7d604,0.3951,0.596,0.68119,0.63859,False,1,False,0.404,0.596,0.97509,mesenchymal,1,1.3959,6.42,11.2394,8.5803,4.4907,6.6372,8.0259,0.1652,0.5225,63.1803,44.0059,56.9498,22.1714,0.8677,96.4374,55.0859,10.4061,1.5264
13ae9d83-a22f-451f-88bb-686051725cf3,1.2884,0.68099,1.0,0.8405,False,1,False,0.31901,0.68099,1.13271,mesenchymal,1,1.0561,6.917,11.9049,12.1536,964999524.8867,8.2835,6.9737,0.0273,0.4571,14468727102.2695,66.7487,100.6743,0.0,1.1517,144.6873,84.0662,13.2067,0.0
143f2dd6-a280-41c5-9242-442ef91b73ec,0.3719,0.62769,0.63521,0.63145,False,1,False,0.37231,0.62769,1.03544,mesenchymal,1,1.2136,7.1194,11.0284,8.4877,4.9471,7.3641,7.808,0.0965,0.4887,60.8596,54.1707,62.5045,21.6529,0.9881,93.606,60.4271,11.5997,1.5381
14cc6f5b-5692-471e-98b4-ae200b3d8fed,0.4032,0.58005,0.69732,0.63869,False,1,False,0.41995,0.58005,0.94416,mesenchymal,1,1.302,6.2677,11.1118,8.6128,2.1767,7.2124,9.4148,0.1312,0.5111,25.5379,51.1267,62.1195,56.5205,0.8686,95.7042,53.9829,11.5837,3.7475
15b987ba-77ab-477b-a54a-65ec5c7c399e,0.7606,0.65711,1.0,0.82855,False,1,False,0.34289,0.65711,1.08985,mesenchymal,1,1.18,7.1551,11.0439,10.0425,837853307.9197,7.7668,7.266,0.0826,0.4833,11090857684.2312,59.9493,77.9981,0.0,1.0889,110.9086,71.855,12.3152,0.0
1b0b0533-7c4f-4edd-a75e-8b56f49d54ab,0.1988,0.56195,0.46173,0.51184,True,2,True,0.43805,0.56195,0.90867,mesenchymal,1,1.3426,6.7517,11.2597,7.7951,1.5599,6.7279,9.5303,0.1462,0.5232,20.422,45.2641,52.4449,63.4479,0.8065,87.7707,52.6306,10.996,4.2979
26a12266-c6d8-42f9-bd4e-5093d827ac9a,0.6905,0.6668,1.0,0.8334,False,1,False,0.3332,0.6668,1.10739,mesenchymal,1,1.2192,8.0438,11.9574,9.762,986267124.3315,8.9532,7.5812,0.0988,0.4585,11672832807.1431,79.333,87.4014,0.0,1.1188,116.7283,78.5233,12.4362,0.0
27d9c162-11bb-48fb-a41a-aa05fcb4c1c2,0.772,0.60026,1.0,0.80013,False,1,False,0.39974,0.60026,0.9833,mesenchymal,1,1.2494,6.5288,11.7529,10.0881,2.5598,7.8677,9.167,0.1109,0.4836,32.9661,60.1084,79.3705,53.0041,0.9151,118.5648,65.8635,11.7958,3.5966
27e2438d-bd01-4c50-9102-563276ed9922,0.9755,0.64215,1.0,0.82108,False,1,False,0.35785,0.64215,1.0624,mesenchymal,1,1.175,8.6393,11.2447,10.9019,3.6955,9.3439,8.6777,0.0805,0.4392,45.0845,86.8119,101.8665,39.7974,1.089,122.5891,94.1855,12.4564,2.7191
28d03569-8717-40da-8989-70baf2b18f9f,0.7559,0.60767,1.0,0.80383,False,1,False,0.39233,0.60767,0.99749,mesenchymal,1,1.2157,6.8521,11.4835,10.0236,2.6652,8.1528,9.2171,0.0973,0.4773,32.4509,64.7763,81.7205,52.8058,0.9543,115.106,68.6824,12.246,3.5471
39aec099-a33e-47a4-a602-cbf65ddd3830,1.102,0.62639,1.0,0.8132,False,1,False,0.37361,0.62639,1.033,mesenchymal,1,1.0963,7.9437,11.6897,11.4082,2.6465,8.7124,9.2599,0.0459,0.4616,37.2254,75.3143,99.392,53.5118,1.0278,133.3574,90.6226,13.6255,3.5824
39d3b5b3-d51e-4d77-a8aa-2977fa734fab,0.8637,0.63559,1.0,0.8178,False,1,False,0.36441,0.63559,1.05022,mesenchymal,1,1.1741,7.4003,11.8402,10.4549,6.4472,7.7258,8.0608,0.0801,0.4905,99.1246,59.5824,80.773,18.5734,1.0056,123.7885,77.3694,12.6676,1.2488
38d65618-4857-490e-86b3-0a3f772a9f60,1.0652,0.68049,1.0,0.84024,False,1,False,0.31951,0.68049,1.13181,mesenchymal,1,1.1056,7.6818,13.2676,11.2609,961215402.7523,8.647,7.0572,0.0502,0.4494,14940477803.5134,73.8387,97.3727,0.0,1.0978,149.4048,86.5039,12.7659,0.0
3e0c34cb-fca5-4bcf-a5c1-5a7d286dd072,0.8153,0.65003,1.0,0.82501,False,1,False,0.34997,0.65003,1.07691,mesenchymal,1,1.2373,7.9915,11.7609,10.2613,12.2542,8.801,8.0865,0.1061,0.4665,153.8803,76.8022,90.3095,12.0688,1.0754,120.6822,82.003,12.4375,0.7843
40c217ee-429f-41f4-adc6-db9186622b17,0.6347,0.60811,1.0,0.80405,False,1,False,0.39189,0.60811,0.99834,mesenchymal,1,1.2614,6.3297,12.2482,9.5389,3.276,7.9637,8.9629,0.1156,0.4849,39.8792,60.7501,75.9644,43.9338,0.9218,116.8339,60.3786,11.8884,2.9297
4881a390-c4e4-48b4-ae66-140c64a87614,0.8787,0.61925,1.0,0.80962,False,1,False,0.38075,0.61925,1.01952,mesenchymal,1,1.1034,7.2441,11.1621,10.5149,2.3453,8.3911,9.0937,0.0491,0.4569,28.8589,69.0951,88.2316,57.427,1.0078,117.3678,76.1708,12.7975,4.067
490eabca-4575-4bd6-9604-6b6e23d069ce,0.4562,0.59177,0.80252,0.69715,False,1,False,0.40823,0.59177,0.96691,mesenchymal,1,1.2227,5.7541,10.9417,8.8248,2.3458,6.744,8.5411,0.1002,0.5054,29.2869,44.502,59.515,45.4499,0.8836,96.5584,50.7793,11.2742,3.297
4a785dc7-f5f6-4607-a19d-e6354b2fb5a9,0.4075,0.60908,0.70585,0.65746,False,1,False,0.39092,0.60908,1.0002,mesenchymal,1,1.2768,8.0914,11.7484,8.63,2.636,8.0606,8.8631,0.1216,0.4766,33.2832,64.9727,69.5633,44.7189,0.937,101.3887,69.8293,11.4977,3.0462
4be66108-e72a-406b-bb4b-f58ff2877336,0.6594,0.61605,1.0,0.80803,False,1,False,0.38395,0.61605,1.01346,mesenchymal,1,1.1791,6.9383,11.0054,9.6377,2.8168,7.0863,7.9289,0.0822,0.4839,41.2977,50.1941,68.2957,34.1316,0.9472,106.0665,66.8686,11.2712,2.5683
5498d5ef-ad24-4034-9750-7c996c5355e1,0.7466,0.6232,1.0,0.8116,False,1,False,0.3768,0.6232,1.02698,mesenchymal,1,1.1682,7.3496,11.2078,9.9865,3.1529,7.7163,8.2957,0.0776,0.4762,43.6597,59.4062,77.0588,35.9621,0.9871,111.927,73.3966,12.008,2.5636
56c8b812-ca8e-4eb2-b0fe-f264316789bf,0.823,0.57452,1.0,0.78726,False,1,False,0.42548,0.57452,0.93336,mesenchymal,1,1.427,9.0076,9.8265,10.2919,1.4591,7.8394,9.6029,0.1759,0.4828,22.1195,60.092,80.683,66.9068,0.8933,101.1336,92.7057,10.2548,4.5721
56eb96a4-d2c2-42fb-b26c-1a80012bcb8e,1.1308,0.59402,1.0,0.79701,False,1,False,0.40598,0.59402,0.97126,mesenchymal,1,1.1428,7.1584,9.5402,11.5232,1.7347,7.023,8.9879,0.0666,0.4993,27.6884,49.3038,80.9273,55.6072,0.9559,109.9336,82.4882,12.2557,3.9704
57b0f89f-1b75-453e-922c-01cd4d44ca49,0.5662,0.62704,1.0,0.81352,False,1,False,0.37296,0.62704,1.03421,mesenchymal,1,1.2203,7.2251,12.1528,9.2649,4.6573,7.9442,8.3337,0.0992,0.4824,60.5303,62.5936,73.6026,27.5435,0.9723,112.5947,66.9404,12.1337,1.8601
5a195baa-2d05-4273-a7c4-64cc816b0406,0.9343,0.64456,1.0,0.82228,False,1,False,0.35544,0.64456,1.06685,mesenchymal,1,1.1787,7.4564,10.8461,10.737,7.2389,8.1981,7.9524,0.082,0.4722,94.298,66.6586,88.023,18.1166,1.0782,116.4545,80.0598,12.446,1.235
5b259d18-3976-4f44-967f-fe5fa8447c8b,0.4242,0.61938,0.73901,0.67919,False,1,False,0.38062,0.61938,1.01976,mesenchymal,1,1.2155,6.7179,12.0367,8.6969,3.5241,7.5152,8.1347,0.0973,0.4807,44.3796,55.843,65.3589,32.812,0.9353,104.6817,58.4247,11.4441,2.3588
5d73b382-3da3-4220-890e-2095228bbe6c,1.0603,0.66078,1.0,0.83039,False,1,False,0.33922,0.66078,1.09651,mesenchymal,1,1.1083,9.2064,11.7351,11.2414,5.5004,9.2369,8.1072,0.0513,0.4402,78.2967,85.3193,103.8354,24.4803,1.13,131.9185,103.493,13.1104,1.6849
5f1399ef-8100-49e7-806f-9f532e55c0ba,0.969,0.64934,1.0,0.82467,False,1,False,0.35066,0.64934,1.07565,mesenchymal,1,1.0939,8.5008,11.4967,10.8761,3.8153,8.6471,8.0988,0.0448,0.4455,54.2526,74.7511,94.0469,32.0197,1.0831,125.0391,92.4558,12.7004,2.3048
5f6ed48b-3b5a-4d20-8fbf-c9aa3feea186,0.1591,0.56687,0.40948,0.48818,True,2,True,0.43313,0.56687,0.91835,mesenchymal,1,1.3997,6.7907,10.6148,7.6364,1.8253,6.3932,8.7823,0.1666,0.5276,24.6772,40.7153,48.8212,46.9057,0.8158,81.0586,51.8569,10.2017,3.2848
605baa86-79e3-484d-82d2-4de27d405ba1,1.0677,0.7056,1.0,0.8528,False,1,False,0.2944,0.7056,1.17552,mesenchymal,1,1.0561,10.3714,13.9168,11.2708,919037801.5992,9.7809,6.746,0.0273,0.4082,15685338753.2221,95.3172,110.2383,0.0,1.1798,156.8534,116.8939,12.7752,0.0
60ad2c8a-6bbf-43fc-ae73-cc1f6d6c163c,0.985,0.61134,1.0,0.80567,False,1,False,0.38866,0.61134,1.00451,mesenchymal,1,1.0562,7.1224,11.0573,10.9399,1.9651,7.9059,9.283,0.0273,0.4722,27.3558,61.8899,86.4899,62.5438,0.9858,120.9655,77.9179,13.3916,4.4219
6454ff0c-26f8-4cc2-b77c-7e5abdc20acd,0.2881,0.55527,0.57927,0.56727,True,2,True,0.44473,0.55527,0.89549,mesenchymal,1,1.4554,6.4198,10.6484,8.1522,1.5861,7.0417,9.5854,0.1855,0.5045,17.9655,49.1991,57.4058,69.2849,0.8027,86.8081,52.3353,9.8525,4.8319
64b0461f-038d-4712-948e-818dc2f10eef,0.9054,0.64157,1.0,0.82079,False,1,False,0.35843,0.64157,1.06132,mesenchymal,1,1.1311,7.4113,10.9355,10.6217,4.951,8.3925,8.3411,0.0615,0.4684,61.3495,69.4719,89.143,27.9998,1.0812,116.1532,78.7206,13.0751,1.8933
64dcf1a5-c78c-4d3f-852c-15865b3b6189,1.3409,0.72539,1.0,0.86269,False,1,False,0.27461,0.72539,1.20889,mesenchymal,1,0.925,9.4748,13.1616,12.3635,1103833058.9934,10.2566,6.5728,-0.0389,0.3906,16272340649.8092,104.586,126.8066,0.0,1.3199,162.7234,117.1412,14.2109,0.0
6cd8d2dd-5545-43b0-b796-ae0506d62eb8,0.0771,0.58623,0.35156,0.4689,False,1,False,0.41377,0.58623,0.95619,mesenchymal,1,1.167,4.8005,10.9644,7.3085,1.8656,7.2142,8.9353,0.0771,0.4683,15.5278,46.2186,52.7247,65.5912,0.8781,80.1331,35.0842,10.8911,5.1606
67ba29e7-f294-4dcd-9630-ad768c22c588,0.7566,0.62956,1.0,0.81478,False,1,False,0.37044,0.62956,1.03895,mesenchymal,1,1.1866,6.9855,11.2958,10.0266,4.3531,7.5081,7.856,0.0853,0.4801,61.3918,56.0985,75.2806,25.5826,0.9887,113.2584,70.0406,11.6863,1.8448
6e9e0c2f-2ddb-40f1-8e8c-618119e62ec1,0.723,0.65722,1.0,0.82861,False,1,False,0.34278,0.65722,1.09005,mesenchymal,1,1.2812,8.5287,9.73,9.892,704480062.8617,7.7868,6.8497,0.1233,0.468,9624865385.9232,60.0832,77.0266,0.0,1.1211,96.2487,84.3661,10.6925,0.0
6f2b5a14-569c-4084-8c67-b1a44d787897,0.6082,0.58678,1.0,0.79339,False,1,False,0.41322,0.58678,0.95724,mesenchymal,1,1.3582,7.0255,10.9088,9.4327,2.4364,7.39,9.095,0.1519,0.5038,32.3302,54.4792,69.7074,47.764,0.8877,102.8988,66.2695,11.0496,3.1827
7144a65f-a63f-4b79-8fe2-cfe48696de03,1.2383,0.70852,1.0,0.85426,False,1,False,0.29148,0.70852,1.1805,mesenchymal,1,0.9287,8.3412,12.4717,11.953,12.8372,10.2291,7.1796,-0.037,0.396,157.9335,101.0711,122.269,12.6628,1.3009,149.0742,99.7025,14.4452,0.9439
74a0264d-1d31-430d-9a88-e7334c8aa96c,0.7565,0.63634,1.0,0.81817,False,1,False,0.36366,0.63634,1.0516,mesenchymal,1,1.1665,7.1293,11.3546,10.0262,4.5031,8.1667,8.1685,0.0768,0.4667,55.6982,65.6191,81.8809,29.2139,1.0323,113.8432,71.4798,12.2532,2.0439
755d3bde-76c3-45c1-8427-8e4d5d686dc1,0.7353,0.64421,1.0,0.8221,False,1,False,0.35579,0.64421,1.0662,mesenchymal,1,1.2225,7.3574,11.8702,9.941,7.4284,8.2757,7.8271,0.1001,0.4655,95.3407,67.6441,82.2689,17.8431,1.0298,118.0015,73.14,11.7928,1.2377
76e96b5a-b565-42c7-a651-34d5132e6dde,0.9768,0.63593,1.0,0.81796,False,1,False,0.36407,0.63593,1.05083,mesenchymal,1,1.1939,7.2175,11.0503,10.9073,5.219,8.7421,8.7098,0.0884,0.4692,61.2693,74.1005,95.3527,30.3978,1.0687,120.5286,78.7235,12.9422,1.9672
7dfbc0ed-e684-4966-8b59-fb6b9e80c129,1.0485,0.65994,1.0,0.82997,False,1,False,0.34006,0.65994,1.09499,mesenchymal,1,1.2138,8.3795,9.5285,11.1941,702555093.269,7.7025,6.8971,0.0966,0.4724,10666257505.3385,58.8708,86.2226,0.0,1.1478,106.6626,93.8008,11.3645,0.0
80e677b1-5ebe-4069-a1a5-1538ffee6642,0.7219,0.6374,1.0,0.8187,False,1,False,0.3626,0.6374,1.05359,mesenchymal,1,1.2099,7.0216,11.736,9.8877,7.1432,7.7785,7.8214,0.095,0.4815,97.1155,59.9317,76.9114,17.2638,1.0044,116.0428,69.4274,11.9415,1.1949
835c3e23-ac2b-4bc9-ac65-e3e81adecf77,0.7679,0.61057,1.0,0.80529,False,1,False,0.38943,0.61057,1.00304,mesenchymal,1,1.3028,7.1097,12.0086,10.0716,3.8435,7.4777,8.3651,0.1315,0.4955,59.2494,55.7806,75.3121,29.9844,0.9127,120.9455,71.6055,11.2752,2.0413
85a57cfe-f1c9-44d9-8b50-022c0d3438d1,0.949,0.6883,1.0,0.84415,False,1,False,0.3117,0.6883,1.14558,mesenchymal,1,1.0815,8.4821,12.2785,10.7961,1021523359.4119,9.3487,7.2831,0.0391,0.4379,13255958292.446,86.6467,100.929,0.0,1.1982,132.5596,91.5735,13.4687,0.0
85bdc1ac-a1a4-46c2-bc2d-e5fabf5c89e9,0.2422,0.53973,0.51885,0.52929,True,2,True,0.46027,0.53973,0.86469,mesenchymal,1,1.5562,6.4774,10.913,7.9687,1.4739,6.9266,10.0346,0.2176,0.5209,17.3776,47.7766,55.1961,75.3889,0.7596,86.962,51.6161,9.6805,5.0043
849031de-ac8a-4012-9362-d192512997f1,1.0538,0.69521,1.0,0.8476,False,1,False,0.30479,0.69521,1.15761,mesenchymal,1,1.0515,8.6591,12.2883,11.2151,1059487364.2522,9.627,7.2393,0.0251,0.4292,13781507554.7475,91.7425,107.968,0.0,1.2338,137.8151,97.1132,13.77,0.0
8c043ecd-2265-411f-bc3b-dc341cf56ac2,0.7576,0.6214,1.0,0.8107,False,1,False,0.3786,0.6214,1.02359,mesenchymal,1,1.1867,7.0322,11.6138,10.0303,3.0076,8.3114,8.7246,0.0854,0.4618,36.5316,67.4427,83.3657,45.4732,0.9854,116.4898,70.5353,12.0167,3.1887
88832340-46ad-449c-8f81-6a8e5b495510,0.1905,0.68764,0.45081,0.56922,True,2,True,0.31236,0.68764,1.14441,mesenchymal,1,1.0136,4.9223,12.4298,7.762,950757744.408,7.2149,5.9391,0.0068,0.4515,9647954160.2733,46.7993,56.0021,0.0,1.0757,96.4795,38.2068,11.7185,0.0
a117ace8-ac5a-48d8-8aee-3024d6f0f873,0.3755,0.58924,0.64241,0.61583,False,1,False,0.41076,0.58924,0.96202,mesenchymal,1,1.4157,7.0877,11.7046,8.5022,2.8311,7.756,9.2086,0.1721,0.4989,33.4441,59.7086,65.9428,45.9476,0.8771,99.515,60.2611,10.9077,2.9756
9d68516e-7e5c-403e-8aca-ea1abe0d6014,0.8072,0.63542,1.0,0.81771,False,1,False,0.36458,0.63542,1.04989,mesenchymal,1,1.1384,7.4545,11.1716,10.2287,3.5967,7.987,8.0362,0.0647,0.4618,48.2425,63.5086,81.6967,32.4598,1.0282,114.2711,76.2497,12.038,2.3687
a123dc45-e427-461e-8d60-c51307aa498c,0.7645,0.60527,1.0,0.80263,False,1,False,0.39473,0.60527,0.9929,mesenchymal,1,1.2068,8.1568,11.39,10.0581,1.948,8.4339,9.3385,0.0937,0.4572,25.6194,71.054,84.829,63.5218,0.9525,114.5616,82.0423,11.7709,4.4717
a435fdf4-a89a-499e-9006-cbb5693eab26,0.2893,0.55138,0.58095,0.56617,True,2,True,0.44862,0.55138,0.8878,mesenchymal,1,1.4926,6.7834,12.9072,8.1573,1.5585,6.4174,9.1518,0.1976,0.5291,27.1162,41.0495,52.3492,55.9936,0.7208,105.2884,55.3348,9.6614,3.8829
a54b322b-80d3-435c-8d14-25841b741f6c,0.5046,0.63553,0.89854,0.76703,False,1,False,0.36447,0.63553,1.0501,mesenchymal,1,1.3181,7.7397,11.0236,9.0183,8.2007,8.1404,7.8629,0.1372,0.4742,95.4524,66.105,73.4125,15.2939,1.0251,99.4145,69.7989,11.1405,1.0415
a85e8208-a6f5-4e91-8f35-ef574f4273fc,0.8061,0.63474,1.0,0.81737,False,1,False,0.36526,0.63474,1.04862,mesenchymal,1,1.1701,7.9435,11.4741,10.2242,3.554,8.6836,8.5499,0.0784,0.4541,44.2421,74.8578,88.7834,38.3111,1.0399,117.3132,81.2158,12.3479,2.6516
a8b4284d-cbbb-43e3-897b-d04af4bfba74,0.7898,0.65381,1.0,0.82691,False,1,False,0.34619,0.65381,1.08384,mesenchymal,1,1.0631,6.7404,11.6333,10.1592,5.1438,8.8088,8.2431,0.0306,0.4493,55.8888,73.3168,89.4905,30.3907,1.1073,118.1849,68.4771,13.5186,2.1146
a6f98ee5-9638-4ebe-804b-fba54aea9f90,1.2761,0.63003,1.0,0.81501,False,1,False,0.36997,0.63003,1.03982,mesenchymal,1,1.2762,6.6393,11.821,12.1045,9.142,7.1805,7.4508,0.1213,0.4947,169.4029,51.2671,86.9164,11.8733,0.9496,143.0867,80.3648,11.015,0.8447
b89267a4-0e6b-401e-85b0-e66775858aa6,1.1662,0.65347,1.0,0.82674,False,1,False,0.34653,0.65347,1.08321,mesenchymal,1,1.0623,7.1141,11.8776,11.6648,5.0544,8.7879,8.2735,0.0302,0.4517,66.9377,74.4251,102.5085,29.9652,1.0978,138.55,82.9839,13.628,2.0698
b95720b1-aa00-4c6a-b202-3350d035829f,0.8732,0.70784,1.0,0.85392,False,1,False,0.29216,0.70784,1.17936,mesenchymal,1,1.0223,6.489,11.9602,10.4928,1245497203.2197,9.472,6.5567,0.011,0.4091,12549585206.0954,80.8199,99.3877,0.0,1.2671,125.4959,68.0876,12.8279,0.0
c4d74653-d26b-4e51-aee0-82ee3d42f883,0.8022,0.61852,1.0,0.80926,False,1,False,0.38148,0.61852,1.01814,mesenchymal,1,1.2087,6.792,10.9747,10.2088,3.5758,7.5563,8.304,0.0945,0.4859,48.148,56.5138,77.1412,33.2316,0.9763,112.0391,69.3381,11.8151,2.327
bab21810-f51b-421e-a87f-1f1136cbc77a,0.9192,0.6199,1.0,0.80995,False,1,False,0.3801,0.6199,1.02076,mesenchymal,1,1.2104,6.9767,11.3141,10.6767,3.1941,8.0685,8.554,0.0952,0.4688,42.1209,63.9091,86.1456,40.8391,0.9817,120.7979,74.4884,11.7647,2.8679
c5c4a0a5-900d-483d-9282-475654d63265,0.8715,0.63039,1.0,0.8152,False,1,False,0.36961,0.63039,1.0405,mesenchymal,1,1.1665,5.3171,11.6498,10.4861,7.2026,7.6618,8.3297,0.0769,0.4991,87.9311,53.2054,80.3418,21.2144,1.0037,122.1607,55.7559,13.0902,1.3893
be85f845-b281-467c-8b97-bed7b7fdff64,0.7563,0.64691,1.0,0.82346,False,1,False,0.35309,0.64691,1.07118,mesenchymal,1,1.1474,7.9475,11.5346,10.0252,4.9337,8.8,8.2731,0.0687,0.4532,59.1049,76.7136,88.2218,28.5443,1.0796,115.6365,79.6753,12.7152,1.9565
c82bbe23-0264-45a7-b1a6-82b4654108c8,0.8134,0.66795,1.0,0.83397,False,1,False,0.33205,0.66795,1.10945,mesenchymal,1,1.1114,7.6152,12.3281,10.2537,802841711.283,7.8218,7.0352,0.0528,0.4735,12640919472.934,61.1382,80.2027,0.0,1.0722,126.4092,78.0843,12.6597,0.0
c8d7eb0f-2502-4277-a8ef-435b08f3c863,0.9796,0.67885,1.0,0.83942,False,1,False,0.32115,0.67885,1.12892,mesenchymal,1,1.0874,8.7126,13.0098,10.9186,793956723.6493,8.3261,6.9723,0.0419,0.4558,14204844693.7693,69.1745,90.9092,0.0,1.0936,142.0484,95.1296,12.8241,0.0
d71ae66e-2c8a-4fd8-8b4b-a5a2d456a21d,0.3299,0.62047,0.55175,0.58611,True,2,True,0.37953,0.62047,1.02184,mesenchymal,1,1.3011,7.6585,11.4474,8.3195,7.083,7.1456,7.8335,0.1308,0.5076,101.7009,50.7967,59.4478,13.7942,0.9446,95.2367,63.7145,11.322,0.9364
dbbee8f5-d83d-4195-85cf-f89d327da0a9,1.1463,0.6638,1.0,0.8319,False,1,False,0.3362,0.6638,1.10197,mesenchymal,1,1.0366,7.9291,11.7754,11.5853,5.0333,9.0343,7.9855,0.0179,0.4358,67.7204,80.3972,104.6655,28.1154,1.1365,136.4223,91.8613,13.4644,2.0145
e457344d-76fb-46bf-b362-61a6e811d131,1.0068,0.57774,1.0,0.78887,False,1,False,0.42226,0.57774,0.93964,mesenchymal,1,1.0453,7.8184,12.1498,11.0274,1.1087,8.2493,10.9456,0.0221,0.4601,17.1131,67.8655,90.9684,110.0931,0.8799,133.9807,86.2169,13.453,7.8291
e5921d6b-51cf-44be-b295-610cf7c3a69a,0.8497,0.60029,1.0,0.80014,False,1,False,0.39971,0.60029,0.98334,mesenchymal,1,1.2413,6.1366,11.8513,10.3987,2.9298,7.6231,9.1509,0.1077,0.4991,39.6364,55.9019,79.2705,47.2377,0.9115,123.2391,63.8132,12.2394,3.1092
e75985cb-357e-4072-b047-eea37965d70c,0.5087,0.60215,0.90676,0.75446,False,1,False,0.39785,0.60215,0.98693,mesenchymal,1,1.2489,7.1634,11.2744,9.0349,2.5568,7.9326,9.2169,0.1107,0.4865,29.9296,62.3347,71.6705,51.1543,0.9391,101.8631,64.7205,12.0346,3.4034
e76258b7-e13a-4b05-855b-d792701ffba1,0.8906,0.69694,1.0,0.84847,False,1,False,0.30306,0.69694,1.16061,mesenchymal,1,1.0696,8.9059,12.2663,10.5626,1069800491.1382,9.802,7.1825,0.0336,0.4229,12956415999.616,95.2754,103.534,0.0,1.2404,129.5642,94.0694,13.4302,0.0
eb4e4e09-98b3-4e85-8dd2-75676ff2af14,0.172,0.56967,0.42653,0.4981,True,2,True,0.43033,0.56967,0.92385,mesenchymal,1,1.3206,5.3608,10.4522,7.6882,1.8732,7.1699,9.4514,0.1382,0.496,16.7646,48.1344,55.1233,67.6314,0.8525,80.3583,41.2152,10.6842,4.7933
f4e047a5-bdb2-4bc2-aff0-e0f45bcc9062,0.741,0.64271,1.0,0.82136,False,1,False,0.35729,0.64271,1.06343,mesenchymal,1,1.1163,6.9637,12.0989,9.9638,4.391,8.5435,8.3173,0.055,0.4561,52.2896,70.4954,85.1258,33.0351,1.0414,120.5514,69.3849,12.8363,2.3055
fa83dfb5-7386-4a35-9861-aa866478d5f1,0.6988,0.63579,1.0,0.8179,False,1,False,0.36421,0.63579,1.05059,mesenchymal,1,1.2515,8.466,11.6206,9.7952,4.3221,8.8688,8.4631,0.1117,0.4545,53.0623,78.4935,86.8721,31.7075,1.0351,113.8264,82.9266,11.8103,2.1451
fa96d094-0165-401c-8fd5-6d1ee4ef3994,0.4006,0.54185,0.69214,0.617,False,1,False,0.45815,0.54185,0.86891,mesenchymal,1,1.4408,6.6623,10.634,8.6024,1.2796,6.6623,9.9364,0.1806,0.524,17.5701,44.3859,57.3115,76.3598,0.7704,91.4778,57.3115,10.1793,5.2064
ffa7e03a-4a3c-41f0-937a-4fb862fd2194,0.7445,0.59015,1.0,0.79508,False,1,False,0.40985,0.59015,0.96379,mesenchymal,1,1.2697,6.9003,11.1664,9.9781,2.0185,7.6361,9.202,0.1188,0.4828,26.8638,57.769,76.1939,59.1295,0.8962,111.4191,68.8521,11.2284,4.1476
ad440651-a2de-4bb1-90da-1e5e8975ab59,0.7676,0.61221,1.0,0.80611,False,1,False,0.38779,0.61221,1.00617,mesenchymal,1,1.2209,7.3539,10.8932,10.0703,2.6588,8.0244,8.8,0.0995,0.4717,33.5439,63.9411,80.8076,46.8624,0.9752,109.6976,74.0559,11.7371,3.2703
269e8ca8-722d-449b-ace1-6545bd72bdd6,0.8787,0.62005,1.0,0.81002,False,1,False,0.37995,0.62005,1.02104,mesenchymal,1,1.1867,5.8799,12.1067,10.515,3.9854,8.107,8.8875,0.0854,0.4836,49.0939,60.7633,85.2449,39.3675,0.9707,127.3018,61.8267,12.7935,2.593
c1e141af-bdd1-4176-8c0e-cf1ab0c1d9d3,1.1303,0.64379,1.0,0.82189,False,1,False,0.35621,0.64379,1.06542,mesenchymal,1,1.0658,8.0443,11.4494,11.5213,3.3301,8.2462,8.119,0.0319,0.4538,51.9981,67.9586,95.0067,34.7579,1.06,131.9122,92.6806,12.855,2.5369
1ad0b9b9-7ded-4281-b114-9dcc6138c037,0.6341,0.60642,1.0,0.80321,False,1,False,0.39358,0.60642,0.99512,mesenchymal,1,1.2226,6.8702,11.0701,9.5363,2.4817,7.5789,8.5948,0.1002,0.4775,31.6119,56.9375,72.2749,46.2529,0.9372,105.5685,65.5166,11.3281,3.3395
14c13b05-abfe-472e-83a9-b28f60e58ad8,0.5533,0.66343,0.99519,0.82931,False,1,False,0.33657,0.66343,1.10132,mesenchymal,1,1.1625,7.142,11.2499,9.2131,10.3863,9.3706,8.0025,0.0751,0.4427,92.8074,82.8414,86.3323,16.6269,1.1575,103.6461,65.7996,12.8074,1.1168
2c0a725a-e829-4d84-89d9-d0d47f6cfa37,0.8466,0.68943,1.0,0.84472,False,1,False,0.31057,0.68943,1.14755,mesenchymal,1,1.0336,8.1224,11.9937,10.3863,874036400.0638,8.4314,6.7323,0.0165,0.444,12457012432.2707,70.9926,87.5711,0.0,1.1741,124.5701,84.3618,13.0273,0.0
cc1d6ad3-b60d-482e-8fa4-0af26823007d,0.9916,0.62386,1.0,0.81193,False,1,False,0.37614,0.62386,1.02824,mesenchymal,1,1.0805,7.0756,11.8456,10.9662,2.6305,8.2672,9.0069,0.0387,0.4658,36.1247,66.9273,90.6604,51.8455,1.0006,129.901,77.5929,13.3434,3.5959
d7ba64d7-b4e5-488d-9f28-bcb7bf3c0f35,0.6129,0.59548,1.0,0.79774,False,1,False,0.40452,0.59548,0.97409,mesenchymal,1,1.2408,6.1204,11.7249,9.4515,2.7167,6.8631,8.6088,0.1075,0.5123,39.5825,46.5506,64.8665,40.3652,0.8757,110.8176,57.8472,11.6195,2.7997
ba49b428-246d-46d2-b549-39a5fc8f7003,1.132,0.64559,1.0,0.82279,False,1,False,0.35441,0.64559,1.06874,mesenchymal,1,1.0861,8.7869,12.4316,11.528,3.446,8.5751,8.2786,0.0413,0.4517,59.0487,73.4882,98.8541,34.2938,1.0404,143.3108,101.2952,13.0097,2.427
cc22913d-2dda-48bb-82aa-9960b73f3e44,0.7817,0.61377,1.0,0.80688,False,1,False,0.38623,0.61377,1.00912,mesenchymal,1,1.1121,7.1503,11.2166,10.1269,2.2058,7.6376,8.6695,0.0531,0.472,30.8371,58.0952,77.3448,50.3001,0.9649,113.5885,72.4097,12.2785,3.6835
41658cf8-0de1-4a97-bb60-0f0107c84e00,0.6542,0.6243,1.0,0.81215,False,1,False,0.3757,0.6243,1.02906,mesenchymal,1,1.2016,7.0076,11.7633,9.6169,4.0383,7.558,8.1046,0.0916,0.4844,56.3411,56.8211,72.685,28.5146,0.9629,113.1264,67.3914,11.819,2.0079
89a6384e-1cea-440b-9f17-d57cb0805174,0.9912,0.67911,1.0,0.83956,False,1,False,0.32089,0.67911,1.12938,mesenchymal,1,1.0351,7.5375,11.8877,10.9649,751380539.7716,7.5257,6.5424,0.0173,0.4651,13034769952.1357,56.6355,82.5185,0.0,1.1089,130.3477,82.6486,12.6409,0.0
81a7184e-f9f5-4e3f-9603-5f5642386c1e,0.6216,0.58855,1.0,0.79427,False,1,False,0.41145,0.58855,0.96068,mesenchymal,1,1.3476,7.0781,10.3857,9.4864,2.2153,7.4932,8.9612,0.1481,0.4892,27.5988,55.9764,71.084,51.236,0.9056,98.5233,67.146,10.65,3.5698
3e1886a8-2ed2-41ee-8b58-10f5321ade6f,0.4356,0.60235,0.76166,0.68201,False,1,False,0.39765,0.60235,0.98731,mesenchymal,1,1.1878,7.4085,11.1383,8.7425,2.0804,7.3209,8.7046,0.0859,0.4876,28.007,53.5885,64.0033,48.4412,0.9238,97.3768,64.769,11.7292,3.4769
c6f6c032-5d4e-4028-aed0-24a587620354,0.5748,0.59519,1.0,0.79759,False,1,False,0.40481,0.59519,0.97352,mesenchymal,1,1.3343,7.5592,10.9805,9.2992,2.2903,7.9877,9.1709,0.1432,0.4786,27.7866,63.62,74.2796,53.8982,0.9197,102.1098,70.2946,10.992,3.6748
3a785e32-7960-4c72-84c4-fb42c4dd86f1,0.8328,0.59912,1.0,0.79956,False,1,False,0.40088,0.59912,0.98111,mesenchymal,1,1.2135,6.8869,11.4334,10.3313,2.4076,7.8622,9.4708,0.0965,0.4927,32.1796,60.8634,81.2267,56.0546,0.932,118.1218,71.1502,12.5842,3.6707
fb9e7684-a7f7-4f17-bc5d-1f359e1b0d42,0.9128,0.62476,1.0,0.81238,False,1,False,0.37524,0.62476,1.02992,mesenchymal,1,1.1458,7.3181,12.0024,10.6511,2.8772,8.3051,8.7048,0.0679,0.4605,39.5834,68.0008,88.4585,45.7956,0.9855,127.838,77.9456,12.3757,3.2296
d655bbf6-c710-411d-aff5-ceb0fb6e6680,1.3488,0.63423,1.0,0.81711,False,1,False,0.36577,0.63423,1.04767,mesenchymal,1,1.1322,8.9217,10.7483,12.3951,2.8521,9.0148,8.9392,0.062,0.4489,41.7198,81.2577,111.7391,46.8943,1.0829,133.2256,110.5851,12.9705,3.1933
eeb42912-0c7a-46bb-bd95-369b2b425727,1.2947,0.64152,1.0,0.82076,False,1,False,0.35848,0.64152,1.06122,mesenchymal,1,1.0688,8.1947,11.8731,12.179,3.604,8.5641,8.6714,0.0332,0.4646,58.3359,73.2074,104.3022,36.8448,1.0623,144.6028,99.8036,13.9074,2.4788
1a09207e-9184-4f32-bd07-a9f4dc6c825d,1.4292,0.66716,1.0,0.83358,False,1,False,0.33284,0.66716,1.10804,mesenchymal,1,1.0669,8.6729,11.6519,12.7169,6.3663,8.7407,7.5828,0.0324,0.4408,107.0923,76.3957,111.1551,19.069,1.1335,148.1761,110.2927,12.9172,1.3836
04d7a52f-a89b-4114-a608-a6254b4d604f,1.038,0.60421,1.0,0.8021,False,1,False,0.39579,0.60421,0.99087,mesenchymal,1,1.1639,6.4271,11.7407,11.1522,2.4291,7.2282,8.7026,0.0758,0.4938,39.6123,51.6048,80.6098,46.6057,0.9116,130.9341,71.6766,12.1139,3.3054
81e7cca8-2d71-4446-9692-872c2fe68d0a,1.2447,0.67414,1.0,0.83707,False,1,False,0.32586,0.67414,1.12055,mesenchymal,1,1.0118,9.0997,12.1802,11.9786,5.2531,9.8708,8.2088,0.0059,0.4216,72.0202,96.8383,118.2386,29.1554,1.1877,145.9019,109.0019,14.2237,2.0258
21bdad0d-c6a2-428c-b2b4-0de282b34abc,0.9669,0.61835,1.0,0.80918,False,1,False,0.38165,0.61835,1.01782,mesenchymal,1,1.1422,7.1949,11.2425,10.8676,2.6447,7.9246,8.718,0.0664,0.4719,37.3376,62.2671,86.1219,46.3479,0.9851,122.1793,78.192,12.4008,3.2723
96e013d9-8e89-46a7-8d07-bae95af36708,0.996,0.67658,1.0,0.83829,False,1,False,0.32342,0.67658,1.12489,mesenchymal,1,1.0541,8.3345,12.6312,10.984,10.0918,9.2796,7.6964,0.0263,0.4366,136.9387,85.217,101.9269,14.569,1.1491,138.7418,91.5461,13.6421,1.0132
ec3f3f11-75df-4fcc-ba03-f19aca907645,1.1756,0.69877,1.0,0.84939,False,1,False,0.30123,0.69877,1.16379,mesenchymal,1,1.0338,8.8975,13.7931,11.7026,1080035813.963,9.8489,7.2821,0.0166,0.4251,16141435687.7162,96.0959,115.2577,0.0,1.1914,161.4144,104.1234,14.0878,0.0
21ddbfaa-1b21-4a2b-be2c-237dd69b20ff,0.6191,0.59507,1.0,0.79754,False,1,False,0.40493,0.59507,0.9733,mesenchymal,1,1.3626,6.9187,10.853,9.4766,3.0619,7.5658,8.946,0.1535,0.5013,38.3436,56.8227,71.6978,40.7968,0.9147,102.8489,65.5656,11.1621,2.6823
7d8eab0a-e6c8-4449-9ebf-50c41db94a06,1.1842,0.63888,1.0,0.81944,False,1,False,0.36112,0.63888,1.05633,mesenchymal,1,1.081,7.9326,10.4007,11.7368,3.0327,8.5132,8.4427,0.0389,0.4492,40.7103,72.1371,99.9178,41.6403,1.0948,122.0714,93.1039,12.8467,2.9985
4563e4e0-a661-46de-ad25-9c86a621e147,1.1964,0.64468,1.0,0.82234,False,1,False,0.35532,0.64468,1.06706,mesenchymal,1,1.0562,8.7005,9.2242,11.7855,2.9047,8.225,8.0245,0.0274,0.4486,40.7478,67.4253,96.936,35.6996,1.1522,108.7119,102.5397,12.6685,2.6679
5116e3b4-2bac-40f5-8046-b9c1783faaa5,1.0143,0.59614,1.0,0.79807,False,1,False,0.40386,0.59614,0.97537,mesenchymal,1,1.1386,7.9084,10.8422,11.0572,1.5431,8.2991,9.7451,0.0648,0.455,21.2887,68.7221,91.7647,78.0448,0.9485,119.8847,87.4446,12.1721,5.6314
c59d90a6-9cda-426d-b8ea-41f0a87033d5,1.1768,0.71251,1.0,0.85625,False,1,False,0.28749,0.71251,1.18728,mesenchymal,1,0.9018,8.0097,11.744,11.7072,15.4127,9.0413,6.3376,-0.0516,0.3993,210.3718,80.6815,105.8484,7.8568,1.2864,137.489,93.7704,13.3305,0.6536
b3c267aa-345d-40d8-a8da-f9f08c64f9c7,1.0299,0.6391,1.0,0.81955,False,1,False,0.3609,0.6391,1.05674,mesenchymal,1,1.1251,9.208,12.1568,11.1196,2.7873,9.6053,9.0817,0.0589,0.4314,37.6682,92.1038,106.8071,52.3042,1.0608,135.1786,102.3896,12.9546,3.5887
7ea546ce-f48a-4d9c-96b4-a0124c692870,0.9051,0.64601,1.0,0.823,False,1,False,0.35399,0.64601,1.06952,mesenchymal,1,1.1234,7.4115,10.824,10.6203,6.2898,7.8832,7.8008,0.0581,0.4751,86.5402,61.9224,83.722,18.9596,1.0774,114.9545,78.7122,12.7053,1.3283
b16bb717-d1cf-4237-a554-43f3995b82f2,1.0793,0.66151,1.0,0.83075,False,1,False,0.33849,0.66151,1.09783,mesenchymal,1,1.088,6.7069,11.9726,11.3172,735793120.7937,7.0324,6.7936,0.0422,0.4914,13549724472.3292,49.3492,79.5877,0.0,1.0389,135.4972,75.904,12.4881,0.0
97f6c8d3-09a0-4128-8f10-41e736648a5f,0.9493,0.60177,1.0,0.80088,False,1,False,0.39823,0.60177,0.98619,mesenchymal,1,1.0786,6.4531,9.7786,10.7972,1.8082,6.3278,8.1135,0.0378,0.5028,30.7802,40.0256,68.3227,43.8955,0.9429,105.5817,69.6755,11.8648,3.4302
c594196e-49ef-4195-a6b6-4ef4a1d9ec15,0.8871,0.66464,1.0,0.83232,False,1,False,0.33536,0.66464,1.1035,mesenchymal,1,1.1508,7.3272,11.3901,10.5484,861395564.0037,7.9706,7.1617,0.0701,0.4733,12014708513.8319,63.1161,84.077,0.0,1.104,120.1471,77.2903,12.4461,0.0
384400c1-98d6-4cc3-8724-de6711f6208b,0.7858,0.63121,1.0,0.8156,False,1,False,0.36879,0.63121,1.04203,mesenchymal,1,1.1477,8.3785,11.2957,10.1431,2.8354,8.4423,8.492,0.0688,0.453,38.1917,71.2683,85.6308,41.9514,1.0279,114.5731,84.9832,12.1844,2.9999
0b8de222-119a-40f3-8beb-12b9d933225b,0.8318,0.61597,1.0,0.80798,False,1,False,0.38403,0.61597,1.0133,mesenchymal,1,1.2018,8.1547,10.8116,10.3274,2.58,8.0854,8.8003,0.0917,0.4727,35.9365,65.3681,83.5007,45.032,0.9936,111.656,84.2166,12.0594,3.107
d2c99bed-3446-4d12-99e0-00611faa37dc,1.1098,0.61086,1.0,0.80543,False,1,False,0.38914,0.61086,1.0036,mesenchymal,1,1.1964,7.62,8.2497,11.4393,2.1669,6.9646,7.8313,0.0894,0.4779,32.4128,48.0754,79.6699,37.1253,1.0282,94.3712,87.1682,10.658,2.9115
32b77693-18e1-4692-8488-add1940c9e7c,0.9556,0.62818,1.0,0.81409,False,1,False,0.37182,0.62818,1.03636,mesenchymal,1,1.1364,7.6787,13.0954,10.8222,2.829,8.4326,8.6515,0.0639,0.4546,43.6434,70.5402,91.2593,45.6426,0.9617,141.7217,83.1011,12.3681,3.2473
654c6f5c-3e5c-49f0-b53f-87cd9797d7c9,0.2811,0.67801,0.57006,0.62404,True,2,True,0.32199,0.67801,1.12743,mesenchymal,1,1.0117,5.9434,12.521,8.1242,843581791.8312,7.1896,6.4347,0.0058,0.4723,10172360094.237,50.1373,58.41,0.0,1.0673,101.7236,48.2854,12.7201,0.0
c48e2ce0-3806-4675-92f3-d38ff67c5efa,0.2746,0.63359,0.5615,0.59754,True,2,True,0.36641,0.63359,1.04647,mesenchymal,1,1.3005,7.4687,12.3555,8.0982,679892986.8017,7.1338,7.4293,0.1306,0.5101,10005753725.1272,50.779,57.7713,0.0,0.9441,100.0575,60.4832,11.4251,0.0
0dc41cd5-0672-407c-9b4a-0f5f3970aa54,0.7463,0.6393,1.0,0.81965,False,1,False,0.3607,0.6393,1.05711,mesenchymal,1,1.0906,7.7845,11.4478,9.9852,3.1194,8.6585,8.4837,0.0433,0.4455,37.4062,74.2064,86.4569,42.5116,1.0583,114.3084,77.7292,12.7559,3.0559
f5c3bc61-1018-4351-bb23-aacc1459365f,1.2122,0.67891,1.0,0.83946,False,1,False,0.32109,0.67891,1.12903,mesenchymal,1,1.0937,7.6876,12.4829,11.849,850320749.1432,8.0954,6.7457,0.0447,0.4545,14790934766.6832,65.369,95.9221,0.0,1.0983,147.9093,91.0899,12.336,0.0
64bd568d-0509-48fe-8d0a-aef2a85d5c57,0.7851,0.63877,1.0,0.81939,False,1,False,0.36123,0.63877,1.05613,mesenchymal,1,1.1589,7.1825,11.8811,10.1402,4.5721,7.752,7.6944,0.0736,0.4667,66.1951,59.7687,78.6065,24.6955,0.9979,120.477,72.832,11.7086,1.82
4beee9d4-ee52-4fed-bcc4-d300f5ddd4d0,0.7785,0.65321,1.0,0.82661,False,1,False,0.34679,0.65321,1.08274,mesenchymal,1,1.2656,7.4084,13.0809,10.1139,877119309.8901,8.0898,7.3984,0.1172,0.4777,13229825785.3185,64.9802,81.819,0.0,0.9998,132.2983,74.9272,11.6917,0.0
c21d2c68-920f-4526-b754-286579c049f3,0.8694,0.64401,1.0,0.822,False,1,False,0.35599,0.64401,1.06582,mesenchymal,1,1.2087,7.9173,11.6207,10.4777,7.5674,7.8086,7.5256,0.0945,0.4733,119.6629,60.9632,81.817,14.2795,1.0209,121.7587,82.9555,11.6108,1.0175
85e95dda-6198-464a-9187-fd0832bebb72,1.0749,0.66434,1.0,0.83217,False,1,False,0.33566,0.66434,1.10295,mesenchymal,1,1.108,7.7849,11.1217,11.2998,732276299.2875,7.5539,7.0157,0.0512,0.4815,12567322960.8689,57.0073,85.357,0.0,1.1041,125.6732,87.9683,12.6634,0.0
d761bc06-dee8-478a-be99-8af9c504e49c,1.2741,0.65594,1.0,0.82797,False,1,False,0.34406,0.65594,1.08772,mesenchymal,1,1.0358,8.6014,10.1441,12.0964,3.584,8.4372,7.7816,0.0176,0.4399,53.1588,71.1595,102.0596,30.5963,1.1542,122.7068,104.0456,12.7961,2.3083
8c0894fb-5e78-40ae-be0b-329ca30f758a,0.6209,0.64269,1.0,0.82135,False,1,False,0.35731,0.64269,1.06339,mesenchymal,1,1.1766,8.3312,13.2557,9.4834,5.7552,7.9935,7.8291,0.0811,0.4726,94.5017,63.782,75.8059,19.0597,0.9741,125.7096,79.0084,12.1775,1.3302
f2ef5afa-6191-43a1-a023-d53c0d985139,0.6482,0.61602,1.0,0.80801,False,1,False,0.38398,0.61602,1.0134,mesenchymal,1,1.2243,7.248,11.7524,9.5926,3.2523,7.9589,8.7245,0.1008,0.4815,42.2912,62.8388,76.3467,39.4079,0.9586,112.7367,69.5274,12.0751,2.6657
aedde4a5-6520-40b9-9721-c9b826490b7a,0.5141,0.66978,0.91751,0.79364,False,1,False,0.33022,0.66978,1.11274,mesenchymal,1,1.2158,8.7186,11.379,9.0566,896007118.313,8.8393,7.3309,0.0974,0.4534,10305446782.437,78.1189,80.0538,0.0,1.142,103.0545,78.9601,12.0592,0.0
75c3004d-1ef4-49f9-86e0-1bb7b9553a3d,1.0973,0.67083,1.0,0.83541,False,1,False,0.32917,0.67083,1.11462,mesenchymal,1,1.0674,8.7046,12.4835,11.389,5.7222,9.7215,8.0309,0.0326,0.4218,75.7606,93.4743,110.7189,26.6204,1.1467,142.175,99.1365,13.2896,1.8766
1e0789d6-7efb-4807-8d36-cd9224675a0c,0.8609,0.61964,1.0,0.80982,False,1,False,0.38036,0.61964,1.02026,mesenchymal,1,1.2057,8.021,10.6044,10.4437,2.6931,8.8194,9.1763,0.0933,0.4559,31.0119,77.1437,92.1068,52.7876,1.0325,110.7496,83.769,12.2592,3.5712
b4c3cf95-a27c-4bcf-9321-38723473e83b,0.9526,0.58687,1.0,0.79344,False,1,False,0.41313,0.58687,0.95742,mesenchymal,1,1.1984,6.6305,11.1719,10.8105,1.7861,7.3589,9.3321,0.0903,0.4899,26.6735,53.6225,79.5529,64.007,0.8886,120.7735,71.6794,11.7957,4.5278
c8d6fe73-3504-42a5-9723-e1916fba8208,0.3432,0.60515,0.57819,0.59167,True,2,True,0.39485,0.60515,0.99268,mesenchymal,1,1.2533,7.2083,12.0568,8.3728,2.4591,7.6873,8.6595,0.1124,0.4766,30.3984,58.8646,64.3638,46.486,0.9036,100.949,60.3534,11.1689,3.3209
ca5b878f-8bff-410a-8e6e-b1c133018c8d,0.5287,0.59467,0.94633,0.7705,False,1,False,0.40533,0.59467,0.97253,mesenchymal,1,1.3953,7.4479,11.6295,9.1146,2.9636,7.7006,8.9795,0.165,0.4979,39.4974,59.2348,70.1878,40.9941,0.8905,105.9984,67.8848,10.9475,2.6837
7b47489f-c3cc-4388-b5d7-c7c02790a5f6,0.8174,0.59479,1.0,0.79739,False,1,False,0.40521,0.59479,0.97275,mesenchymal,1,1.2226,6.9185,11.5272,10.2696,2.208,7.6764,9.4078,0.1002,0.4941,30.991,58.3522,78.8334,57.2815,0.9102,118.3802,71.0502,12.2655,3.8198
2c30dc20-18a8-44f9-ab10-558c1e5634dc,1.1466,0.68652,1.0,0.84326,False,1,False,0.31348,0.68652,1.14245,mesenchymal,1,0.911,8.9142,12.2091,11.5863,4.3246,9.763,7.7052,-0.0466,0.3989,57.6487,94.595,113.1161,31.7925,1.2219,141.4575,103.2822,14.2226,2.4538
6775ce57-b4cf-425c-a898-061bb9a8a1a8,0.7711,0.63346,1.0,0.81673,False,1,False,0.36654,0.63346,1.04624,mesenchymal,1,1.1296,6.8239,11.7859,10.0845,7.0665,7.17,7.9473,0.0608,0.5084,111.7435,51.2895,72.3059,15.7747,0.9924,118.8542,68.8151,13.1297,1.0636
c83d38fc-e011-4f75-a100-96513611f3e9,0.493,0.6214,0.87554,0.74847,False,1,False,0.3786,0.6214,1.0236,mesenchymal,1,1.3287,6.6115,11.512,8.972,6.8036,7.4482,7.865,0.1412,0.4935,84.8179,54.7761,66.8254,17.672,0.9477,103.2851,59.3184,10.9218,1.2177
da21e143-dbf6-4ac7-8872-f1d9ae39512d,1.1032,0.58507,1.0,0.79253,False,1,False,0.41493,0.58507,0.95392,mesenchymal,1,1.3064,6.3843,11.4588,11.4128,2.3125,6.9543,8.8569,0.1328,0.5097,40.1936,48.0371,79.368,47.0487,0.8562,130.7771,72.8627,11.0687,3.2537
043a4745-566b-4106-b159-99cb8b394b81,1.114,0.66236,1.0,0.83118,False,1,False,0.33764,0.66236,1.09937,mesenchymal,1,1.0669,7.707,12.8135,11.4561,7.164,8.1938,7.4444,0.0324,0.4549,121.1472,66.9007,93.8687,16.5725,1.0543,146.7932,88.2919,12.8198,1.2117
73a142e1-8ac2-4cfe-b8cf-7e9dea64f488,0.4061,0.58075,0.70302,0.64189,False,1,False,0.41925,0.58075,0.94552,mesenchymal,1,1.441,7.7455,10.7898,8.6243,2.2749,7.2261,8.9735,0.1807,0.5093,31.5647,51.946,62.3199,44.218,0.8651,93.0545,66.8,10.4085,2.9481
01240896-3f3f-4bf9-9799-55c87bfacf36,0.821,0.62688,1.0,0.81344,False,1,False,0.37312,0.62688,1.03391,mesenchymal,1,1.2045,7.9423,11.04,10.2839,3.1475,8.7352,8.7997,0.0928,0.4548,37.5046,75.6743,89.8312,44.1128,1.0324,113.5337,81.6776,12.0981,3.0272
01f493d4-229d-47a6-baa8-32a342c65d01,0.952,0.62347,1.0,0.81174,False,1,False,0.37653,0.62347,1.0275,mesenchymal,1,1.0973,7.6992,10.6012,10.8079,2.381,8.8556,9.3208,0.0464,0.4491,27.2478,77.0851,95.7106,60.7061,1.0556,114.5765,83.2119,13.1568,4.205
022f39e9-57ee-4b2b-8b3a-8929e3d69a37,0.6714,0.60223,1.0,0.80111,False,1,False,0.39777,0.60223,0.98707,mesenchymal,1,1.3202,8.653,10.9062,9.6856,2.2813,8.3161,9.2414,0.138,0.474,30.2003,69.0443,80.5462,52.4137,0.9522,105.6326,83.8091,11.3506,3.4977
0687bea4-911a-4ef2-9fa2-531ef6ba7910,0.8184,0.58073,1.0,0.79036,False,1,False,0.41927,0.58073,0.94547,mesenchymal,1,1.1574,6.9001,10.8741,10.2734,1.4887,7.8023,10.1258,0.073,0.48,19.1069,60.0616,80.1561,84.2216,0.9012,111.7142,70.8882,12.4454,5.8468
09942e9f-c178-44bc-9cd9-f5bfa350b23f,0.7374,0.62714,1.0,0.81357,False,1,False,0.37286,0.62714,1.03441,mesenchymal,1,1.2061,7.269,10.9103,9.9498,4.6431,7.3322,7.8228,0.0934,0.4894,68.1551,53.7566,72.9534,22.3827,0.991,108.555,72.325,11.6515,1.5928
0a94eecf-4db2-4846-8383-c83ff02e4a9f,0.9029,0.60266,1.0,0.80133,False,1,False,0.39734,0.60266,0.98791,mesenchymal,1,1.2356,7.421,11.4122,10.6115,2.2044,8.6904,9.7003,0.1054,0.4613,26.8034,73.9118,92.2182,67.2404,0.955,121.1008,78.748,12.0448,4.5181
0cb0dac8-4ce2-444a-b1ae-1550e065b4d9,0.6786,0.58062,1.0,0.79031,False,1,False,0.41938,0.58062,0.94526,mesenchymal,1,1.2576,6.7641,11.4437,9.7145,1.732,6.8756,8.9454,0.1141,0.5019,27.5567,47.2619,66.7932,55.9008,0.8444,111.1699,65.7093,11.018,4.0342
0cbe9848-8eac-4ea8-a36b-fb74b4a33de7,0.8278,0.63043,1.0,0.81522,False,1,False,0.36957,0.63043,1.04058,mesenchymal,1,1.1835,7.8267,10.6802,10.3113,3.38,8.203,8.2825,0.084,0.4609,43.3863,67.1479,84.5834,35.6036,1.0372,110.1266,80.7029,11.8517,2.5383
0ec6ed47-db99-4273-9823-ffbde6a77091,1.1199,0.71271,1.0,0.85635,False,1,False,0.28729,0.71271,1.18762,mesenchymal,1,0.9361,9.0297,12.4456,11.4796,16.1061,10.2516,6.988,-0.033,0.3928,200.5575,103.6021,117.6844,9.4486,1.3122,142.8707,103.6575,14.1686,0.7124
10628a61-bd5e-4415-af97-631c5ca320cb,0.9293,0.64356,1.0,0.82178,False,1,False,0.35644,0.64356,1.065,mesenchymal,1,1.142,7.5285,11.5085,10.7173,6.3005,7.7874,7.7731,0.0663,0.4781,96.5795,60.5764,83.4598,18.223,1.0375,123.3402,80.6851,12.4948,1.2771
1add38c2-df6f-47c9-9373-0bec0e40baf8,1.1932,0.64212,1.0,0.82106,False,1,False,0.35788,0.64212,1.06234,mesenchymal,1,1.1582,7.3452,11.3279,11.7727,6.1502,7.6826,7.6487,0.0733,0.4766,102.269,58.9086,90.4453,18.2475,1.0309,133.3599,86.4735,12.0823,1.304
2dced66c-1f0d-4039-a5e5-54cca77c16e9,1.0843,0.63742,1.0,0.81871,False,1,False,0.36258,0.63742,1.05361,mesenchymal,1,1.1217,7.0427,10.191,11.3372,5.3748,7.2489,7.6526,0.0573,0.4898,83.2984,52.5036,82.1818,19.305,1.0553,115.537,79.8447,12.4085,1.387
31d960d7-8f5b-4d22-bf5e-fae0849c4efd,0.2784,0.66993,0.56659,0.61826,True,2,True,0.33007,0.66993,1.113,mesenchymal,1,1.2287,9.1844,11.4884,8.1137,809753071.0945,8.641,7.1077,0.1026,0.4513,9321389644.1925,74.3713,70.1105,0.0,1.1225,93.2139,74.5199,11.5699,0.0
3470b1af-689f-467a-9f9e-de74088f9b94,0.7609,0.62838,1.0,0.81419,False,1,False,0.37162,0.62838,1.03673,mesenchymal,1,1.2145,7.2913,11.5735,10.0435,3.9587,8.316,8.4661,0.0968,0.467,49.2635,68.1053,83.5214,34.3847,1.0044,116.2384,73.2302,11.9995,2.3595
35620be9-3ba5-4be7-9e00-83103e6a92e6,0.806,0.58844,1.0,0.79422,False,1,False,0.41156,0.58844,0.96047,mesenchymal,1,1.234,7.8358,10.4799,10.2239,1.6164,7.5643,9.2602,0.1048,0.4808,23.7485,57.1446,77.3368,63.2027,0.9131,107.1457,80.113,11.3519,4.5117
35c9264f-34ec-4d75-ab80-aaac86108fc8,0.7357,0.64436,1.0,0.82218,False,1,False,0.35564,0.64436,1.06648,mesenchymal,1,1.2644,7.0832,11.9056,9.9428,849984923.1383,7.7915,7.6313,0.1168,0.4948,11837440705.4464,60.2058,77.4691,0.0,1.0179,118.3744,70.4262,12.0707,0.0
58facedb-fcb8-4ecf-8338-2bfa4947acef,0.9206,0.59954,1.0,0.79977,False,1,False,0.40046,0.59954,0.98191,mesenchymal,1,1.2237,5.7293,11.6126,10.6825,2.7707,7.3356,8.849,0.1006,0.4966,38.4378,51.2305,78.362,46.7016,0.904,124.0516,61.2032,11.8253,3.2273
5d66191d-da49-4d7e-89a4-a382db338340,1.0794,0.6119,1.0,0.80595,False,1,False,0.3881,0.6119,1.00556,mesenchymal,1,1.2118,6.6944,11.8409,11.3176,3.0229,7.8228,8.7848,0.0958,0.4829,45.2567,59.9223,88.5345,43.2574,0.9419,134.0103,75.7638,12.0552,2.9611
65ab030d-39f2-48ab-80ac-90cb1faa823a,0.5612,0.60757,1.0,0.80378,False,1,False,0.39243,0.60757,0.99731,mesenchymal,1,1.2621,5.1438,12.5612,9.2447,4.9205,7.0636,8.3882,0.1158,0.5142,63.6058,46.209,65.3012,27.2954,0.8853,116.125,47.5533,11.8463,1.8257
69fb431f-0caf-4cdd-9085-eda5b18ed15d,0.7598,0.62341,1.0,0.81171,False,1,False,0.37659,0.62341,1.02738,mesenchymal,1,1.2227,9.0073,10.4974,10.0393,2.5643,8.5731,8.6862,0.1002,0.453,33.2036,73.3101,86.0684,45.0651,1.0319,105.3865,90.4275,11.6123,3.1739
6fc5e56a-1f5e-4ff1-948e-5ef636ebb48d,1.0001,0.64166,1.0,0.82083,False,1,False,0.35834,0.64166,1.06149,mesenchymal,1,1.088,7.4762,11.5568,11.0006,3.8134,7.7763,7.8054,0.0422,0.4645,60.0267,60.3807,85.5438,28.5767,1.0289,127.1315,82.2423,12.4013,2.1179
75ea63a9-357b-4566-bd78-eaa67809decd,0.5173,0.62713,0.92383,0.77548,False,1,False,0.37287,0.62713,1.03439,mesenchymal,1,1.2646,7.595,11.4882,9.0693,4.4558,8.0847,8.2185,0.1168,0.473,54.1435,65.1223,73.3224,27.9271,0.99,104.1894,68.881,11.4763,1.9243
764c97c9-01d3-45cb-86bd-f8a52b5468da,1.5197,0.6949,1.0,0.84745,False,1,False,0.3051,0.6949,1.15709,mesenchymal,1,0.8917,7.7473,11.27,13.0788,6.3099,8.0553,6.3245,-0.0573,0.4128,111.2067,64.7937,105.3545,15.0088,1.2045,147.3985,101.3256,12.6992,1.3254
7f6898e2-a840-4ad1-80f7-783f8b766fcc,1.3327,0.74206,1.0,0.87103,False,1,False,0.25794,0.74206,1.23626,mesenchymal,1,0.8428,9.4745,14.2824,12.3309,1162543204.8277,10.55,6.2413,-0.0853,0.3717,17611463676.6876,110.145,130.0901,0.0,1.3417,176.1146,116.8286,14.811,0.0
8368d745-c74d-4236-ba75-16ca7aaeb3ca,0.813,0.57292,1.0,0.78646,False,1,False,0.42708,0.57292,0.93021,mesenchymal,1,1.1825,4.7676,10.632,10.2521,1.8045,6.102,8.7932,0.0836,0.5246,26.4498,35.4535,62.5578,55.4908,0.836,108.9998,48.8783,11.3875,4.121
8632579e-d318-4dab-9994-d3945afc42ab,0.3669,0.68935,0.62519,0.65727,False,1,False,0.31065,0.68935,1.14741,mesenchymal,1,1.0642,5.631,12.4941,8.4675,968754874.5003,7.6593,5.9865,0.0311,0.4387,10579366555.6148,54.5507,64.8549,0.0,1.0859,105.7937,47.6805,11.2505,0.0
86d18004-9478-4e46-83b4-4fbe445ccb70,0.3711,0.63921,0.6336,0.63641,False,1,False,0.36079,0.63921,1.05694,mesenchymal,1,1.2804,6.1686,11.8321,8.4844,857666214.3712,7.3726,7.4417,0.123,0.5023,10038846112.756,52.9058,62.5525,0.0,0.987,100.3885,52.3369,11.6237,0.0
92554413-9ebc-4354-8e1b-9682f3a031d9,0.3859,0.54019,0.66298,0.60159,False,1,False,0.45981,0.54019,0.86561,mesenchymal,1,1.3865,6.4084,9.6309,8.5436,1.217,6.7489,10.2473,0.162,0.5208,14.1244,45.4322,57.6604,85.4557,0.7992,82.2829,54.7506,10.5798,5.8256
8a84b03a-e37e-4827-98f0-4d480ec31037,1.1151,0.67666,1.0,0.83833,False,1,False,0.32334,0.67666,1.12503,mesenchymal,1,1.1201,9.5971,11.8543,11.4605,13.1151,10.0091,8.0458,0.0566,0.4332,170.9783,100.0116,114.7089,12.1548,1.205,135.8561,109.988,13.6574,0.7946
94067eb7-98b7-4975-bab1-c09e1b454a25,0.7614,0.65663,1.0,0.82832,False,1,False,0.34337,0.65663,1.08898,mesenchymal,1,1.1758,8.6558,11.3739,10.0457,8.5263,8.9695,8.0108,0.0808,0.4543,104.9413,80.3538,90.105,16.2585,1.1184,114.2582,86.9532,12.6996,1.0888
9cdca5d8-ea77-4df9-b2ba-0d5e8ec37bcd,1.0392,0.65494,1.0,0.82747,False,1,False,0.34506,0.65494,1.08589,mesenchymal,1,1.1167,9.284,11.7682,11.1566,3.7081,9.9226,8.6258,0.0551,0.4206,46.0981,98.0499,110.7026,41.0231,1.1283,131.2938,103.5781,12.8987,2.8481
9fd08502-355b-4f5a-a25c-73ec7184f6d3,1.0265,0.65288,1.0,0.82644,False,1,False,0.34712,0.65288,1.08213,mesenchymal,1,1.1765,8.4634,11.7186,11.1059,5.5365,9.5916,8.5063,0.0811,0.4401,67.2163,90.7263,106.5233,29.1912,1.1137,130.1447,93.9929,12.8149,1.9362
a782f174-241d-42c6-9bc4-61cc39f8b397,1.0766,0.63443,1.0,0.81722,False,1,False,0.36557,0.63443,1.04805,mesenchymal,1,1.1392,8.2644,12.1404,11.3063,3.1226,8.6131,8.574,0.0651,0.4532,47.8278,74.0642,97.3821,40.9769,1.0161,137.2626,93.44,12.5334,2.8699
a5e14add-1552-4606-9ffe-3a03bcf76640,0.1338,0.55483,0.464,0.50941,True,2,True,0.44517,0.55483,0.89461,mesenchymal,1,1.408,6.2775,10.7707,7.535,1.4983,6.728,9.3766,0.1694,0.5092,16.9397,45.0632,50.6959,66.8931,0.7916,81.158,47.3011,9.9163,4.791
aa909ffb-03e1-4e3f-8888-2212b23d90b7,0.911,0.60213,1.0,0.80106,False,1,False,0.39787,0.60213,0.98688,mesenchymal,1,1.2122,6.8827,10.9633,10.6439,2.1445,7.5239,8.648,0.0959,0.4727,30.6488,56.1974,80.0835,51.3567,0.9262,116.6931,73.2593,11.1274,3.8074
a72dd578-3a6f-4807-a843-4a942500944e,1.0662,0.65671,1.0,0.82836,False,1,False,0.34329,0.65671,1.08912,mesenchymal,1,1.0591,7.8936,10.9983,11.2648,4.986,8.4998,7.8837,0.0287,0.4506,67.8392,71.8784,95.7484,25.4607,1.1269,123.8946,88.9203,13.1635,1.8263
abb0d53f-f74e-45dc-8fbb-40863016f3c6,0.82,0.59392,1.0,0.79696,False,1,False,0.40608,0.59392,0.97107,mesenchymal,1,1.1652,6.9173,11.9918,10.2799,1.8305,7.3577,9.15,0.0763,0.4883,28.9368,53.9415,75.6361,59.8112,0.8836,123.2743,71.1086,12.0492,4.2601
ac13d568-f79e-4ba7-b7bf-18e4354e0920,0.4806,0.59573,0.85094,0.72333,False,1,False,0.40427,0.59573,0.97456,mesenchymal,1,1.4456,7.732,10.9053,8.9224,3.5357,7.7987,8.991,0.1822,0.5026,43.7398,60.8146,69.5829,35.0533,0.9173,97.3019,68.9884,10.9004,2.2246
acd51808-870c-4684-a2de-aa0b058729e1,0.587,0.57859,1.0,0.78929,False,1,False,0.42141,0.57859,0.9413,mesenchymal,1,1.3113,6.5319,11.2113,9.3478,1.939,7.6169,9.6753,0.1347,0.4938,23.353,56.8396,71.2013,66.7001,0.8693,104.8018,61.0596,11.3343,4.4877
af06cde0-c69a-4bb1-a234-8023b95e4835,0.853,0.58025,1.0,0.79013,False,1,False,0.41975,0.58025,0.94454,mesenchymal,1,1.2236,7.1421,10.1433,10.4121,1.5766,7.8917,10.0017,0.1005,0.4792,19.2688,61.7167,82.1686,79.5973,0.9173,105.613,74.3644,11.8689,5.481
b3fea9bb-53f9-4ddb-922d-b570562d7a7d,0.8704,0.63197,1.0,0.81598,False,1,False,0.36803,0.63197,1.04345,mesenchymal,1,1.2085,7.8021,12.491,10.4817,3.9504,8.4824,8.4558,0.0944,0.4624,56.4476,71.4881,88.91,33.8459,0.9877,130.9273,81.7797,12.0749,2.3194
b718134c-5231-4f29-a423-7bad17c93fc5,0.9719,0.63129,1.0,0.81565,False,1,False,0.36871,0.63129,1.04218,mesenchymal,1,1.2495,6.5626,11.4706,10.8876,7.9475,7.2711,7.5336,0.1109,0.4916,124.3851,52.3665,79.1649,14.12,0.9721,124.8875,71.4509,11.2554,1.004
c0b8c55c-b993-481d-aeea-9ebfa64ee20e,0.5462,0.64194,0.98121,0.81158,False,1,False,0.35806,0.64194,1.062,mesenchymal,1,1.2181,7.1078,11.0036,9.1849,567131609.6603,6.3896,6.5743,0.0983,0.5071,10106724430.0466,40.3105,58.6876,0.0,0.976,101.0672,65.2846,10.794,0.0
bce5579c-08c6-48e9-853e-fac85ba8cbea,1.0447,0.61782,1.0,0.80891,False,1,False,0.38218,0.61782,1.01681,mesenchymal,1,1.2329,7.9792,11.2122,11.1789,2.9312,8.108,8.6512,0.1043,0.4719,44.6046,65.723,90.6386,40.7242,0.9809,125.3405,89.1994,11.7544,2.81
c616f95f-4ea1-4019-8c17-041878085c88,0.7385,0.61381,1.0,0.80691,False,1,False,0.38619,0.61381,1.00921,mesenchymal,1,1.259,8.1072,11.4441,9.9539,2.8137,8.1403,8.7869,0.1146,0.474,39.2136,66.264,81.028,42.6119,0.9626,113.9133,80.6977,11.6514,2.9049
ca22edd4-eb7c-4677-84aa-6f0354459a19,1.3959,0.64005,1.0,0.82002,False,1,False,0.35995,0.64005,1.05849,mesenchymal,1,1.0057,6.7014,12.2797,12.5838,2.9538,7.4893,7.7777,0.0028,0.4599,55.1438,55.4684,94.2433,35.7372,0.9937,154.525,84.3292,12.6812,2.8022
cab7bdbc-0a11-4901-97c3-26b884f79cb5,0.9497,0.67544,1.0,0.83772,False,1,False,0.32456,0.67544,1.12286,mesenchymal,1,1.1171,7.5122,11.5504,10.7989,927821027.4222,8.3952,7.0788,0.0553,0.4575,12473238994.2425,69.7,90.6595,0.0,1.1461,124.7324,81.1241,12.6733,0.0
cbe23011-93b7-4e9f-b934-bd0122f91f54,1.0508,0.63928,1.0,0.81964,False,1,False,0.36072,0.63928,1.05707,mesenchymal,1,1.1245,8.558,12.0123,11.203,3.0455,9.3138,8.8836,0.0586,0.437,40.7022,86.1752,104.3423,47.8121,1.0574,134.5739,95.8758,12.8599,3.3063
cc15469c-7bad-4e86-9da3-ae0c72e9d380,0.7578,0.61191,1.0,0.80595,False,1,False,0.38809,0.61191,1.00559,mesenchymal,1,1.2314,6.9212,10.9565,10.0313,3.51,7.1102,8.1947,0.1037,0.5016,52.8512,50.5196,71.3252,29.7584,0.945,109.908,69.4293,11.6209,2.0796
d5a296ae-c165-413c-adcc-33c9e99ff873,0.8133,0.64246,1.0,0.82123,False,1,False,0.35754,0.64246,1.06296,mesenchymal,1,1.1696,7.3644,12.0009,10.2532,5.1995,8.4226,8.1146,0.0782,0.461,67.4823,69.8199,86.358,26.2675,1.033,123.0472,75.5079,12.3165,1.8234
df228c56-89ac-4122-93b3-6c0740c4ec09,1.0403,0.60871,1.0,0.80435,False,1,False,0.39129,0.60871,0.99948,mesenchymal,1,1.2074,6.5899,11.5268,11.1614,2.8769,7.6128,8.7565,0.094,0.488,42.8601,56.9088,84.9694,43.5593,0.9382,128.655,73.5526,12.0182,3.0017
e17959bd-045d-4540-b43a-c3863e8ff3c0,0.7283,0.63599,1.0,0.81799,False,1,False,0.36401,0.63599,1.05095,mesenchymal,1,1.2295,7.8592,11.2322,9.9134,5.4474,8.0241,7.938,0.1029,0.4725,74.07,64.3588,79.5457,21.6065,1.0232,111.3488,77.9111,11.6899,1.5033
dca004bf-9c14-45a1-b186-ab3759f6c7fe,0.8184,0.64284,1.0,0.82142,False,1,False,0.35716,0.64284,1.06366,mesenchymal,1,1.0883,7.7543,11.5244,10.2735,3.3067,8.0972,7.8598,0.0423,0.4485,46.3867,65.4467,83.1866,33.6076,1.0385,118.3965,79.6643,12.0984,2.5524
e3b0ee77-c419-4b2b-833f-90a221415489,0.7515,0.59375,1.0,0.79688,False,1,False,0.40625,0.59375,0.97075,mesenchymal,1,1.2236,7.5737,11.6032,10.0061,1.7702,7.8419,9.2658,0.1006,0.4707,25.3421,61.4234,78.467,63.9112,0.8988,116.1027,75.7838,11.4009,4.5814
dd4be58e-da22-4bcd-bf4c-2b9e60ffda19,0.6822,0.66206,1.0,0.83103,False,1,False,0.33794,0.66206,1.09883,mesenchymal,1,1.1723,7.2543,11.5016,9.7286,853580628.9785,7.8951,7.1379,0.0793,0.4748,11189459315.8746,61.9213,76.808,0.0,1.085,111.8946,70.5744,12.1778,0.0
e588714a-7753-4c3c-abb6-eaf1aab53ab3,0.5671,0.6272,1.0,0.8136,False,1,False,0.3728,0.6272,1.03451,mesenchymal,1,1.233,8.0374,11.6134,9.2685,3.6982,8.0927,8.2617,0.1044,0.4694,48.8551,65.4883,75.0072,31.5506,0.988,107.639,74.4953,11.6137,2.2032
e3b6018c-ab2c-47c5-b183-a295d0110835,0.4301,0.59244,0.75074,0.67159,False,1,False,0.40756,0.59244,0.96821,mesenchymal,1,1.2272,7.2879,11.5438,8.7205,1.8482,7.7558,9.3041,0.102,0.4772,22.6246,59.9329,67.6339,62.9989,0.8971,100.6679,63.554,11.5377,4.4495
e4c0d890-a634-48bd-9108-e674532b0d2e,0.9731,0.6435,1.0,0.82175,False,1,False,0.3565,0.6435,1.06489,mesenchymal,1,1.1709,8.9906,11.8804,10.8923,3.6427,9.0136,8.3641,0.0787,0.4414,52.1632,81.245,98.1792,35.3444,1.0555,129.4047,97.9284,12.1681,2.4808
eecaa5cd-0b69-4af2-a782-035025f207b6,1.0356,0.64946,1.0,0.82473,False,1,False,0.35054,0.64946,1.07587,mesenchymal,1,1.0012,7.4462,11.7497,11.1425,3.0081,8.7399,8.2842,0.0006,0.4309,39.251,74.7119,97.3842,44.1379,1.084,130.9208,82.9699,13.2173,3.3355
eb191e71-4b6e-4c8d-8348-519be5a1e657,0.4434,0.59833,0.77714,0.68773,False,1,False,0.40167,0.59833,0.97958,mesenchymal,1,1.416,7.1244,12.0403,8.7737,3.3014,7.3149,8.313,0.1722,0.4952,46.4667,53.4719,64.1789,32.6294,0.8639,105.6375,62.5072,10.1364,2.2734
ef4bb5bf-4535-4bd1-8a74-aba920123ee2,0.6585,0.60804,1.0,0.80402,False,1,False,0.39196,0.60804,0.9982,mesenchymal,1,1.2647,6.6599,12.2024,9.6341,3.2928,7.8472,8.8911,0.1169,0.4893,42.8475,60.1685,75.6005,41.2608,0.92,117.5596,64.1621,11.8908,2.7437
f3b9defb-88ed-4c95-9feb-7197d869676c,1.0179,0.60091,1.0,0.80045,False,1,False,0.39909,0.60091,0.98454,mesenchymal,1,1.2538,6.0932,11.5974,11.0715,3.1192,7.0038,8.4619,0.1126,0.5067,50.6052,48.2239,77.5425,36.5031,0.8934,128.4009,67.4608,11.4745,2.5373
f4a804d3-b5c4-4da5-800f-6e5757ecfa1c,0.7767,0.64068,1.0,0.82034,False,1,False,0.35932,0.64068,1.05966,mesenchymal,1,1.2305,8.7277,11.1153,10.1067,5.9866,7.8262,7.5811,0.1033,0.4722,97.12,60.4365,79.0969,16.2002,1.0288,112.3387,88.2083,11.3821,1.1567
f89bbd17-c732-4847-b71c-a8627a702747,0.7127,0.60223,1.0,0.80112,False,1,False,0.39777,0.60223,0.98708,mesenchymal,1,1.2559,6.6561,11.721,9.8508,2.8854,7.3554,8.6993,0.1134,0.4982,41.3614,53.6123,72.4561,40.7759,0.9046,115.4611,65.5682,11.6311,2.7915
f9b5e6a5-c2da-4a0d-9251-bb6f557b7b58,0.6147,0.61254,1.0,0.80627,False,1,False,0.38746,0.61254,1.00679,mesenchymal,1,1.2299,7.212,11.5304,9.4586,2.8292,7.8623,8.6461,0.1031,0.476,36.2461,61.3928,74.3665,42.9772,0.9485,109.0612,68.2151,11.6131,3.0089
f6c674bf-396d-4bfe-8d08-e7266c314be3,0.7084,0.61108,1.0,0.80554,False,1,False,0.38892,0.61108,1.00401,mesenchymal,1,1.2792,8.0767,12.9569,9.8337,2.6643,8.1665,8.8099,0.1225,0.4706,41.1166,66.6836,80.3071,44.9983,0.9054,127.4146,79.4245,11.3519,3.0989
f88c0259-58ff-4bcc-a777-7705cdbd8213,1.0724,0.65365,1.0,0.82682,False,1,False,0.34635,0.65365,1.08354,mesenchymal,1,1.0533,7.1571,12.6444,11.2897,4.9997,8.5634,8.1218,0.0259,0.4541,71.5877,71.3542,96.6787,28.4148,1.0612,142.7519,80.8014,13.529,1.9941
fdffda5f-72b2-4153-b7f1-d7043b7ca898,0.7116,0.63773,1.0,0.81887,False,1,False,0.36227,0.63773,1.0542,mesenchymal,1,1.2476,7.93,11.4744,9.8464,6.6838,7.9783,7.8185,0.1102,0.475,94.0807,63.6514,78.5578,17.3363,1.0153,112.9818,78.0823,11.5706,1.2009
401a37f3-6630-4400-a811-a262351e37de,0.8164,0.62374,1.0,0.81187,False,1,False,0.37626,0.62374,1.02801,mesenchymal,1,1.222,5.9642,11.9099,10.2658,7.1215,7.6857,8.512,0.0999,0.5053,92.5568,56.1067,78.8998,20.7431,0.9754,122.2639,61.227,12.8503,1.321
93690a96-421c-4c59-85ba-fa6dd538c721,1.2633,0.62958,1.0,0.81479,False,1,False,0.37042,0.62958,1.03898,mesenchymal,1,1.1753,7.6833,12.0913,12.0532,3.7614,7.9386,8.261,0.0806,0.4746,66.8998,62.9567,95.6856,31.2466,0.9814,145.7381,92.6084,12.2039,2.1785
39b6ae01-c97b-4234-8a28-208fdf170432,0.8456,0.61636,1.0,0.80818,False,1,False,0.38364,0.61636,1.01404,mesenchymal,1,1.1297,6.7174,11.9988,10.3826,2.4043,8.3548,9.0319,0.0609,0.4542,29.976,67.1217,86.7443,57.8001,0.9654,124.578,69.7436,12.3115,4.1559
fd16b634-2e04-44a3-862d-fb03cd73c057,0.8149,0.59786,1.0,0.79893,False,1,False,0.40214,0.59786,0.97868,mesenchymal,1,1.2533,6.2946,12.0545,10.2594,2.7716,7.2844,8.8461,0.1124,0.5024,41.4258,52.0832,74.7342,43.9057,0.8842,123.6723,64.5788,11.7342,2.9854
563d67a1-f1ba-4722-aa2d-9b35b1689468,0.482,0.61649,0.85367,0.73508,False,1,False,0.38351,0.61649,1.01429,mesenchymal,1,1.3802,6.7098,11.219,8.9279,8.2036,7.3104,7.8841,0.1597,0.5031,103.866,53.0817,65.267,14.276,0.9392,100.1621,59.9046,10.7263,0.9643
44c2854e-3f8c-48e1-b4d5-1b5778d4fce4,1.0401,0.67808,1.0,0.83904,False,1,False,0.32192,0.67808,1.12754,mesenchymal,1,1.1119,8.5491,10.8475,11.1605,824445262.2315,8.3968,6.9569,0.053,0.4531,12106269064.3836,70.4827,93.7119,0.0,1.1836,121.0627,95.412,12.5133,0.0
81555ac5-9cc2-49ae-9033-657f56243f20,0.7646,0.62391,1.0,0.81196,False,1,False,0.37609,0.62391,1.02833,mesenchymal,1,1.1486,7.3117,11.4827,10.0582,3.1363,7.7853,8.4214,0.0692,0.4771,43.8595,60.3866,78.3063,37.4176,0.9864,115.4951,73.5425,12.3706,2.6333
9382987c-b5b3-48fe-8194-4d83fe340cd0,0.9657,0.65196,1.0,0.82598,False,1,False,0.34804,0.65196,1.08045,mesenchymal,1,1.0756,8.4611,12.0839,10.8626,3.5199,9.5897,8.6636,0.0364,0.4268,43.1069,90.6879,104.1688,43.4899,1.1036,131.2623,91.9094,13.2786,3.045
35c295c2-37d1-44b2-87a3-1039645e5bae,0.934,0.62072,1.0,0.81036,False,1,False,0.37928,0.62072,1.0223,mesenchymal,1,1.1979,7.616,11.0332,10.7358,3.6435,7.2812,8.0888,0.0901,0.4949,62.1305,52.9035,78.1696,27.2075,0.973,118.4509,81.7642,11.913,1.9065
96ac1f4b-79b0-4517-8caf-fc05abcaaf4f,0.6227,0.59332,1.0,0.79666,False,1,False,0.40668,0.59332,0.96991,mesenchymal,1,1.2833,6.9037,10.5178,9.4908,2.1538,7.6279,8.9997,0.1241,0.4807,25.7425,57.6602,72.3951,54.7601,0.9208,99.8229,65.5218,11.004,3.8778
081a3dc7-45e1-457d-add0-c4686140a8d0,1.0913,0.62908,1.0,0.81454,False,1,False,0.37092,0.62908,1.03805,mesenchymal,1,1.116,7.7877,11.775,11.3651,2.7869,8.1443,8.4725,0.0548,0.4603,43.8726,66.2024,92.5603,42.3826,1.0007,133.823,88.5073,12.4506,3.0503
10994156-7c2f-420e-aeb8-11d566b3d5e4,0.8525,0.60105,1.0,0.80053,False,1,False,0.39895,0.60105,0.98482,mesenchymal,1,1.2258,6.5071,10.9225,10.4099,2.6224,7.2464,8.692,0.1014,0.4973,37.3383,51.9632,75.4341,43.6646,0.9253,113.7024,67.7385,11.6979,3.0452
4138aca8-e085-45fb-b353-74852efe61bf,0.7348,0.64004,1.0,0.82002,False,1,False,0.35996,0.64004,1.05847,mesenchymal,1,1.1954,8.5466,11.0758,9.9392,4.0149,9.0382,8.5452,0.089,0.4488,46.3784,81.4476,89.833,34.9321,1.0789,110.0846,84.9469,12.3114,2.3736
de287a25-981d-49f8-81af-fe0300e4cd31,0.8053,0.66529,1.0,0.83264,False,1,False,0.33471,0.66529,1.10466,mesenchymal,1,1.0954,6.8342,10.949,10.221,761175224.2378,7.223,6.721,0.0455,0.482,11191050063.8111,52.0199,73.826,0.0,1.0954,111.9105,69.8521,12.2715,0.0
23d0681a-912a-408f-b19a-0bbcf5ffc2f3,1.6315,0.73594,1.0,0.86797,False,1,False,0.26406,0.73594,1.22629,mesenchymal,1,0.7171,6.9941,13.2993,13.5259,964304611.1754,8.3186,5.9743,-0.1648,0.418,17988562639.8451,67.444,112.5163,0.0,1.3189,179.8856,94.6012,16.6631,0.0
db246424-3979-4f23-b316-8d30c449ee15,0.9152,0.65181,1.0,0.82591,False,1,False,0.34819,0.65181,1.08017,mesenchymal,1,1.0763,8.271,11.804,10.6608,3.8749,8.6628,8.036,0.0368,0.4422,53.8539,74.8907,92.3522,32.095,1.0793,125.84,88.1757,12.761,2.3367
227f945f-76fd-4a63-9609-d4e730a3d22a,0.8709,0.64863,1.0,0.82431,False,1,False,0.35137,0.64863,1.07434,mesenchymal,1,1.0542,8.0184,12.0262,10.4834,3.5483,9.0218,8.56,0.0264,0.442,44.6237,80.3855,94.5788,40.3868,1.0843,126.0753,84.0603,13.5599,2.8253
0e87e5fd-d5bb-4c0d-952d-711a6abbf336,1.0173,0.6343,1.0,0.81715,False,1,False,0.3657,0.6343,1.04781,mesenchymal,1,1.156,6.8009,11.5826,11.069,4.582,7.6912,7.9144,0.0724,0.4757,68.4558,58.3616,85.1339,26.1375,1.0016,128.208,75.2789,12.0727,1.8729
aa85d9e8-caa6-422c-95ce-780e4ac2a5e4,1.0138,0.61857,1.0,0.80929,False,1,False,0.38143,0.61857,1.01825,mesenchymal,1,1.1909,7.4499,11.4065,11.0552,3.1064,8.2071,8.9449,0.0872,0.4776,43.6978,66.783,90.7314,43.298,0.9903,126.1019,82.3599,12.5984,2.8858
8e87ddca-f43e-4c6f-9d5b-430b666a7f6c,0.9157,0.66723,1.0,0.83362,False,1,False,0.33277,0.66723,1.10817,mesenchymal,1,1.0518,8.0873,12.5424,10.6629,5.4088,9.2756,7.9249,0.0253,0.4286,69.1299,84.625,98.9046,26.9201,1.1193,133.7379,86.2343,13.2294,1.9346
6a4031c6-ee88-48be-81a5-a522720edd02,0.696,0.63037,1.0,0.81519,False,1,False,0.36963,0.63037,1.04047,mesenchymal,1,1.2133,8.2539,10.9864,9.7841,3.653,8.696,8.6982,0.0964,0.4613,42.9706,75.4251,85.083,37.2601,1.0453,107.4924,80.7569,12.2765,2.5015
303286c2-bc58-4bbb-9171-74cdb1d7f62f,0.3325,0.58708,0.55692,0.572,True,2,True,0.41292,0.58708,0.95783,mesenchymal,1,1.5438,6.6409,11.0921,8.3299,5.971,6.7548,8.2456,0.2138,0.5317,80.3203,45.6144,56.2668,17.6473,0.85,92.3959,55.3177,9.9372,1.1503
df5ab6cc-6f68-4b6b-95e2-954c6b57ba9c,1.2104,0.65029,1.0,0.82515,False,1,False,0.34971,0.65029,1.07739,mesenchymal,1,1.1127,8.3289,11.7835,11.8416,4.0659,8.8028,8.0949,0.0533,0.4413,61.1571,77.2645,104.2387,31.7327,1.0762,139.5348,98.6275,12.4997,2.2816
79d33c28-a7e2-4fca-8be1-a16fb6d68d49,0.9537,0.62875,1.0,0.81438,False,1,False,0.37125,0.62875,1.03743,mesenchymal,1,1.1244,8.5055,11.6971,10.8147,2.6508,8.7393,8.9949,0.0586,0.4552,37.3706,76.3212,94.5129,49.4377,1.0263,126.5005,91.9843,12.9892,3.385
e6c8c5fc-158a-4de4-b3f6-3b645584bbc7,0.9929,0.60245,1.0,0.80122,False,1,False,0.39755,0.60245,0.98749,mesenchymal,1,1.2444,7.9823,9.5845,10.9716,2.1392,7.6202,8.7902,0.1089,0.4821,30.9924,57.9367,83.6063,48.1381,0.9807,105.1572,87.5791,11.4007,3.393
a19cd9f8-482b-4b70-b7d7-06d6bb1b0260,0.6342,0.62255,1.0,0.81127,False,1,False,0.37745,0.62255,1.02575,mesenchymal,1,1.1457,8.0162,11.6309,9.5369,2.3444,8.6174,8.8878,0.0679,0.4454,28.2084,73.8982,82.1832,54.4355,0.997,110.9224,76.4493,12.0831,3.9322
84e34cf2-b3bb-4a1a-8fb7-6c2c604c4008,0.5029,0.57862,0.89525,0.73694,False,1,False,0.42138,0.57862,0.94137,mesenchymal,1,1.4803,8.3644,9.552,9.0117,2.0677,6.8001,8.5212,0.1937,0.5162,33.9928,43.795,61.2809,36.7438,0.88,86.0794,75.3775,9.8018,2.5323
326c1637-ea91-4006-b440-d38420af1ae5,0.7881,0.59074,1.0,0.79537,False,1,False,0.40926,0.59074,0.96492,mesenchymal,1,1.2782,7.2809,11.9161,10.1525,2.0245,8.0509,9.6003,0.1221,0.4797,27.7653,64.2247,81.7372,64.6755,0.8907,120.978,73.9191,11.613,4.3572
bc42fe2d-1a33-428d-a601-b1871f4c8d9b,1.316,0.71231,1.0,0.85616,False,1,False,0.28769,0.71231,1.18695,mesenchymal,1,0.9627,9.7148,12.133,12.2638,876459495.9178,9.2397,6.4285,-0.019,0.4103,14879643841.7745,85.1462,113.314,0.0,1.2739,148.7964,119.1405,13.3546,0.0
e8841edf-e070-425b-b4d4-bbb2115f9dbd,0.7868,0.63146,1.0,0.81573,False,1,False,0.36854,0.63146,1.04249,mesenchymal,1,1.1642,7.5702,10.8119,10.147,3.5198,7.9715,8.1338,0.0759,0.4656,46.1195,63.3836,80.887,33.0384,1.0293,109.7086,76.8151,11.9296,2.3788
268c01b3-d2ce-44c0-a2fe-ea846a1253cc,0.9995,0.67338,1.0,0.83669,False,1,False,0.32662,0.67338,1.11919,mesenchymal,1,1.0471,7.5292,12.4721,10.998,8.2678,8.992,7.5796,0.023,0.4359,108.4739,78.7166,98.8938,17.5702,1.1311,137.1679,82.8063,13.2693,1.2645
628408ce-0691-4e0b-b4c7-aca9a0d73bb0,0.8717,0.60693,1.0,0.80347,False,1,False,0.39307,0.60693,0.99609,mesenchymal,1,1.1886,8.0128,10.8438,10.4869,2.0983,8.2783,9.3422,0.0862,0.4688,27.928,68.4602,86.8137,59.4996,0.977,113.7172,84.0291,12.2938,4.0718
